city,state,latitude,longitude,source,display_name
Abbeville,AL,31.575479,-85.279044,local,"Abbeville, AL, USA"
Alabaster,AL,33.236868,-86.812861,local,"Alabaster, AL, USA"
Altoona,AL,34.042916,-86.350879,local,"Altoona, AL, USA"
Andalusia,AL,31.297142,-86.490468,local,"Andalusia, AL, USA"
Ashford,AL,31.188800,-85.253488,local,"Ashford, AL, USA"
Atmore,AL,31.057245,-87.487347,local,"Atmore, AL, USA"
Bessemer,AL,33.409002,-86.947547,local,"Bessemer, AL, USA"
Birmingham,AL,33.519000,-86.801400,local,"Birmingham, AL, USA"
Boaz,AL,34.173889,-86.121111,local,"Boaz, AL, USA"
Brent,AL,32.935670,-87.211387,local,"Brent, AL, USA"
Brewton,AL,31.118926,-87.067325,local,"Brewton, AL, USA"
Brundidge,AL,31.701324,-85.817668,local,"Brundidge, AL, USA"
Calera,AL,33.109800,-86.755987,local,"Calera, AL, USA"
Centre,AL,34.111592,-85.609229,local,"Centre, AL, USA"
Childersburg,AL,33.266928,-86.337622,local,"Childersburg, AL, USA"
Clanton,AL,32.835532,-86.642472,local,"Clanton, AL, USA"
Cottondale,AL,33.176667,-87.387051,local,"Cottondale, AL, USA"
Courtland,AL,34.671866,-87.314255,local,"Courtland, AL, USA"
Creola,AL,30.901267,-88.017414,local,"Creola, AL, USA"
Cullman,AL,34.176146,-86.829777,local,"Cullman, AL, USA"
Cusseta,AL,32.803194,-85.215791,local,"Cusseta, AL, USA"
Daleville,AL,31.281091,-85.730473,local,"Daleville, AL, USA"
Decatur,AL,34.589599,-86.988680,local,"Decatur, AL, USA"
Demopolis,AL,32.490792,-87.839669,local,"Demopolis, AL, USA"
Dothan,AL,31.202888,-85.418036,local,"Dothan, AL, USA"
Eastaboga,AL,33.603132,-85.960750,local,"Eastaboga, AL, USA"
Enterprise,AL,31.340789,-85.842111,local,"Enterprise, AL, USA"
Eutaw,AL,32.888871,-87.930297,local,"Eutaw, AL, USA"
Evergreen,AL,31.433499,-86.956918,nominatim,"Evergreen, Conecuh County, Alabama, 36401, United States"
Fackler,AL,34.825890,-85.984648,local,"Fackler, AL, USA"
Falkville,AL,34.347653,-86.913086,local,"Falkville, AL, USA"
Foley,AL,30.400664,-87.685737,local,"Foley, AL, USA"
Fort Payne,AL,34.436792,-85.712394,local,"Fort Payne, AL, USA"
Gadsden,AL,33.997248,-86.010279,local,"Gadsden, AL, USA"
Gordon,AL,31.100190,-85.123412,local,"Gordon, AL, USA"
Grand Bay,AL,30.498288,-88.328250,local,"Grand Bay, AL, USA"
Grove Hill,AL,31.675502,-87.763571,local,"Grove Hill, AL, USA"
Hamilton,AL,34.153413,-88.008521,local,"Hamilton, AL, USA"
Hanceville,AL,34.051569,-86.784844,local,"Hanceville, AL, USA"
Hartford,AL,31.085980,-85.719204,local,"Hartford, AL, USA"
Headland,AL,31.353406,-85.332277,local,"Headland, AL, USA"
Heflin,AL,33.611515,-85.588471,local,"Heflin, AL, USA"
Hope Hull,AL,32.224256,-86.393189,local,"Hope Hull, AL, USA"
Huntsville,AL,34.726866,-86.567318,local,"Huntsville, AL, USA"
Irvington,AL,30.480241,-88.239563,local,"Irvington, AL, USA"
Jackson,AL,31.513098,-87.867192,local,"Jackson, AL, USA"
Jasper,AL,33.871672,-87.249144,local,"Jasper, AL, USA"
Jemison,AL,32.980539,-86.718052,local,"Jemison, AL, USA"
Knoxville,AL,32.982423,-87.791855,local,"Knoxville, AL, USA"
Lincoln,AL,33.605913,-86.111152,local,"Lincoln, AL, USA"
Lineville,AL,33.328613,-85.734609,local,"Lineville, AL, USA"
Livingston,AL,32.588509,-88.173592,local,"Livingston, AL, USA"
Loxley,AL,30.617964,-87.756240,local,"Loxley, AL, USA"
Lynn,AL,34.052984,-87.539814,local,"Lynn, AL, USA"
Madison,AL,34.657800,-86.805600,local,"Madison, AL, USA"
Maplesville,AL,32.804507,-86.871704,local,"Maplesville, AL, USA"
Mc Calla,AL,33.284546,-87.102379,local,"Mc Calla, AL, USA"
Millbrook,AL,32.499485,-86.364125,local,"Millbrook, AL, USA"
Mobile,AL,30.695900,-88.043400,local,"Mobile, AL, USA"
Monroeville,AL,31.515330,-87.340993,local,"Monroeville, AL, USA"
Montgomery,AL,32.374300,-86.311800,local,"Montgomery, AL, USA"
Moody,AL,33.584132,-86.515570,local,"Moody, AL, USA"
Moulton,AL,34.505836,-87.222385,local,"Moulton, AL, USA"
Mount Vernon,AL,31.097375,-88.035044,local,"Mount Vernon, AL, USA"
Northport,AL,33.260500,-87.587200,local,"Northport, AL, USA"
Opelika,AL,32.627771,-85.358629,local,"Opelika, AL, USA"
Oxford,AL,33.596829,-85.833470,local,"Oxford, AL, USA"
Ozark,AL,31.439069,-85.643629,local,"Ozark, AL, USA"
Pelham,AL,33.310460,-86.806176,local,"Pelham, AL, USA"
Pell City,AL,33.597889,-86.343151,local,"Pell City, AL, USA"
Pennington,AL,32.226245,-88.093100,local,"Pennington, AL, USA"
Phenix City,AL,32.484000,-85.091100,local,"Phenix City, AL, USA"
Prattville,AL,32.478695,-86.429970,local,"Prattville, AL, USA"
Robertsdale,AL,30.561608,-87.637268,local,"Robertsdale, AL, USA"
SAMSON,AL,31.104918,-86.067416,local,"Samson, AL, USA"
Saraland,AL,30.833197,-88.093387,local,"Saraland, AL, USA"
Satsuma,AL,30.851628,-88.053312,local,"Satsuma, AL, USA"
Scottsboro,AL,34.672270,-86.051336,local,"Scottsboro, AL, USA"
Selma,AL,32.419719,-87.024527,local,"Selma, AL, USA"
Shorter,AL,32.383585,-85.916160,local,"Shorter, AL, USA"
Smiths Station,AL,32.520072,-85.100027,local,"Smiths Station, AL, USA"
Steele,AL,33.941679,-86.228929,local,"Steele, AL, USA"
Sylacauga,AL,33.171675,-86.271257,local,"Sylacauga, AL, USA"
Theodore,AL,30.544374,-88.180748,local,"Theodore, AL, USA"
Thomasville,AL,31.906728,-87.759842,local,"Thomasville, AL, USA"
Troy,AL,31.756700,-85.999300,local,"Troy, AL, USA"
Tuscaloosa,AL,33.196891,-87.562666,local,"Tuscaloosa, AL, USA"
Tuscumbia,AL,34.687432,-87.683259,local,"Tuscumbia, AL, USA"
Tuskegee,AL,32.431623,-85.686060,local,"Tuskegee, AL, USA"
Valley,AL,32.811349,-85.174911,local,"Valley, AL, USA"
Vance,AL,33.174980,-87.257362,local,"Vance, AL, USA"
Warrior,AL,33.852862,-86.819849,local,"Warrior, AL, USA"
Wetumpka,AL,32.545090,-86.188039,local,"Wetumpka, AL, USA"
Winfield,AL,33.930256,-87.797160,local,"Winfield, AL, USA"
Alma,AR,35.500043,-94.207337,local,"Alma, AR, USA"
Arkadelphia,AR,34.115250,-93.068989,local,"Arkadelphia, AR, USA"
Ashdown,AR,33.678711,-94.135102,local,"Ashdown, AR, USA"
Atkins,AR,35.244948,-92.950696,local,"Atkins, AR, USA"
Bald Knob,AR,35.311331,-91.550197,local,"Bald Knob, AR, USA"
Batesville,AR,35.782614,-91.635190,local,"Batesville, AR, USA"
Beebe,AR,35.093743,-91.907449,local,"Beebe, AR, USA"
Benton,AR,34.580087,-92.595241,local,"Benton, AR, USA"
Black Rock,AR,36.114874,-91.117629,local,"Black Rock, AR, USA"
Blytheville,AR,35.934482,-89.922497,local,"Blytheville, AR, USA"
Boles,AR,34.765363,-94.062864,local,"Boles, AR, USA"
Brinkley,AR,34.878124,-91.188596,local,"Brinkley, AR, USA"
Bryant,AR,34.606786,-92.492015,local,"Bryant, AR, USA"
Cabot,AR,34.945724,-92.031771,local,"Cabot, AR, USA"
Carlisle,AR,34.793291,-91.745929,local,"Carlisle, AR, USA"
Cave City,AR,35.951684,-91.544432,local,"Cave City, AR, USA"
Clarksville,AR,35.490763,-93.491056,local,"Clarksville, AR, USA"
Clinton,AR,35.604537,-92.475825,local,"Clinton, AR, USA"
Conway,AR,35.084199,-92.423574,local,"Conway, AR, USA"
Corning,AR,36.415532,-90.587020,local,"Corning, AR, USA"
Dumas,AR,33.892102,-91.486056,local,"Dumas, AR, USA"
Earle,AR,35.279890,-90.450261,local,"Earle, AR, USA"
El Dorado,AR,33.207350,-92.662856,local,"El Dorado, AR, USA"
Fayetteville,AR,36.052045,-94.153395,local,"Fayetteville, AR, USA"
Forrest City,AR,35.009129,-90.788572,local,"Forrest City, AR, USA"
Fort Smith,AR,35.365272,-94.411035,local,"Fort Smith, AR, USA"
Gassville,AR,36.317525,-92.473637,local,"Gassville, AR, USA"
Greenbrier,AR,35.229547,-92.357792,local,"Greenbrier, AR, USA"
Gurdon,AR,33.912493,-93.141691,local,"Gurdon, AR, USA"
Hardy,AR,36.322746,-91.411027,local,"Hardy, AR, USA"
Harrison,AR,36.241707,-93.106162,local,"Harrison, AR, USA"
Hazen,AR,34.783833,-91.576699,local,"Hazen, AR, USA"
Hensley,AR,34.591133,-92.214019,local,"Hensley, AR, USA"
Hot Springs National Park,AR,34.501475,-93.026024,local,"Hot Springs National Park, AR, USA"
Huntsville,AR,36.104348,-93.727893,local,"Huntsville, AR, USA"
Jacksonville,AR,34.881985,-92.130435,local,"Jacksonville, AR, USA"
Jonesboro,AR,35.833016,-90.696526,local,"Jonesboro, AR, USA"
Lake City,AR,35.817150,-90.442327,local,"Lake City, AR, USA"
Lake Village,AR,33.327408,-91.282487,local,"Lake Village, AR, USA"
Little Rock,AR,34.748342,-92.281939,local,"Little Rock, AR, USA"
Lonoke,AR,34.783162,-91.921367,local,"Lonoke, AR, USA"
Lowell,AR,36.243318,-94.082725,local,"Lowell, AR, USA"
Magnolia,AR,33.264678,-93.239153,local,"Magnolia, AR, USA"
Malvern,AR,34.355715,-92.829162,local,"Malvern, AR, USA"
Mansfield,AR,35.043200,-94.220360,local,"Mansfield, AR, USA"
Marion,AR,35.207700,-90.198908,local,"Marion, AR, USA"
Maumelle,AR,34.849085,-92.405892,local,"Maumelle, AR, USA"
Mc Crory,AR,35.247292,-91.179327,local,"Mc Crory, AR, USA"
Morrilton,AR,35.169227,-92.735436,local,"Morrilton, AR, USA"
Mulberry,AR,35.517246,-93.988505,local,"Mulberry, AR, USA"
Newport,AR,35.598823,-91.257064,local,"Newport, AR, USA"
North Little Rock,AR,34.766974,-92.265376,local,"North Little Rock, AR, USA"
Osceola,AR,35.701864,-89.979764,local,"Osceola, AR, USA"
Ozark,AR,35.524645,-93.837423,local,"Ozark, AR, USA"
Palestine,AR,34.966346,-90.904929,local,"Palestine, AR, USA"
Pine Bluff,AR,34.215405,-91.995812,local,"Pine Bluff, AR, USA"
Pocahontas,AR,36.282876,-90.996782,local,"Pocahontas, AR, USA"
Portia,AR,36.080699,-91.068004,local,"Portia, AR, USA"
Prescott,AR,33.804029,-93.372544,local,"Prescott, AR, USA"
Rogers,AR,36.336316,-94.114784,local,"Rogers, AR, USA"
Russellville,AR,35.284208,-93.131476,local,"Russellville, AR, USA"
Searcy,AR,35.253512,-91.762931,local,"Searcy, AR, USA"
Sheridan,AR,34.316527,-92.365713,local,"Sheridan, AR, USA"
Springdale,AR,36.183521,-94.176216,local,"Springdale, AR, USA"
Stuttgart,AR,34.485358,-91.548742,local,"Stuttgart, AR, USA"
Texarkana,AR,33.441667,-94.037500,local,"Texarkana, AR, USA"
Trumann,AR,35.668914,-90.518738,local,"Trumann, AR, USA"
Turrell,AR,35.296936,-90.262979,local,"Turrell, AR, USA"
Warren,AR,33.613983,-92.077824,local,"Warren, AR, USA"
West Helena,AR,34.549635,-90.654531,local,"West Helena, AR, USA"
West Memphis,AR,35.148442,-90.177920,local,"West Memphis, AR, USA"
Wheatley,AR,34.920703,-91.108645,local,"Wheatley, AR, USA"
White Hall,AR,34.257001,-92.089718,local,"White Hall, AR, USA"
Widener,AR,35.059167,-90.629313,local,"Widener, AR, USA"
Apache Junction,AZ,33.327700,-111.325900,local,"Apache Junction, AZ, USA"
Ash Fork,AZ,35.214998,-112.502681,local,"Ash Fork, AZ, USA"
Avondale,AZ,33.432114,-112.343754,local,"Avondale, AZ, USA"
Bellemont,AZ,35.238056,-111.832778,local,"Bellemont, AZ, USA"
Benson,AZ,31.988260,-110.294113,local,"Benson, AZ, USA"
Bowie,AZ,32.326389,-109.486389,local,"Bowie, AZ, USA"
Buckeye,AZ,33.388960,-112.607728,local,"Buckeye, AZ, USA"
Chandler,AZ,33.330091,-111.863156,local,"Chandler, AZ, USA"
Claypool,AZ,33.411111,-110.841944,local,"Claypool, AZ, USA"
Dewey,AZ,34.536753,-112.256665,local,"Dewey, AZ, USA"
Ehrenberg,AZ,33.604167,-114.524444,local,"Ehrenberg, AZ, USA"
Eloy,AZ,32.750929,-111.583275,local,"Eloy, AZ, USA"
Flagstaff,AZ,35.185911,-111.661979,local,"Flagstaff, AZ, USA"
Gila Bend,AZ,32.930590,-112.746832,local,"Gila Bend, AZ, USA"
Glendale,AZ,33.531122,-112.176703,local,"Glendale, AZ, USA"
Globe,AZ,33.402426,-110.789247,local,"Globe, AZ, USA"
Holbrook,AZ,34.908451,-110.143412,local,"Holbrook, AZ, USA"
Joseph City,AZ,34.955833,-110.333333,local,"Joseph City, AZ, USA"
Kingman,AZ,35.258379,-114.056890,local,"Kingman, AZ, USA"
Lake Havasu City,AZ,34.492879,-114.308083,local,"Lake Havasu City, AZ, USA"
Litchfield Park,AZ,33.494127,-112.380497,local,"Litchfield Park, AZ, USA"
Littlefield,AZ,36.866524,-113.913693,local,"Littlefield, AZ, USA"
Lupton,AZ,35.408600,-109.070000,local,"Lupton, AZ, USA"
Marana,AZ,32.404749,-111.273621,local,"Marana, AZ, USA"
Mayer,AZ,34.365535,-112.129551,local,"Mayer, AZ, USA"
Mesa,AZ,33.431740,-111.846931,local,"Mesa, AZ, USA"
Nogales,AZ,31.376969,-110.943508,local,"Nogales, AZ, USA"
Page,AZ,36.896625,-111.438470,local,"Page, AZ, USA"
Payson,AZ,34.219779,-111.287774,local,"Payson, AZ, USA"
Phoenix,AZ,33.451000,-112.068500,local,"Phoenix, AZ, USA"
Prescott,AZ,34.629909,-113.022459,local,"Prescott, AZ, USA"
Quartzsite,AZ,33.567500,-114.273100,local,"Quartzsite, AZ, USA"
Rio Rico,AZ,31.485100,-110.989800,local,"Rio Rico, AZ, USA"
Safford,AZ,32.829491,-109.626641,local,"Safford, AZ, USA"
Salome,AZ,33.748141,-113.571459,local,"Salome, AZ, USA"
San Simon,AZ,32.208167,-109.367152,local,"San Simon, AZ, USA"
Show Low,AZ,34.060117,-110.054633,local,"Show Low, AZ, USA"
Sierra Vista,AZ,31.536467,-110.266565,local,"Sierra Vista, AZ, USA"
Springerville,AZ,34.119333,-109.304066,local,"Springerville, AZ, USA"
Surprise,AZ,33.630028,-112.331430,local,"Surprise, AZ, USA"
Tacna,AZ,32.697500,-113.952778,local,"Tacna, AZ, USA"
Tolleson,AZ,33.434686,-112.277444,local,"Tolleson, AZ, USA"
Tonopah,AZ,33.422797,-112.952785,local,"Tonopah, AZ, USA"
Tucson,AZ,32.213873,-110.969445,local,"Tucson, AZ, USA"
Wikieup,AZ,34.703333,-113.610556,local,"Wikieup, AZ, USA"
Willcox,AZ,32.372977,-109.863111,local,"Willcox, AZ, USA"
Williams,AZ,35.249842,-112.190623,local,"Williams, AZ, USA"
Willow Beach,AZ,35.831600,-114.444100,local,"Willow Beach, AZ, USA"
Winslow,AZ,35.160780,-110.511382,local,"Winslow, AZ, USA"
Wittmann,AZ,33.726425,-112.446578,local,"Wittmann, AZ, USA"
Yucca,AZ,34.872222,-114.148611,local,"Yucca, AZ, USA"
Yuma,AZ,32.701507,-114.642362,local,"Yuma, AZ, USA"
Brawley,CA,32.979181,-115.529613,local,"Brawley, CA, USA"
Calexico,CA,32.683227,-115.502815,local,"Calexico, CA, USA"
Coachella,CA,33.674965,-116.177231,local,"Coachella, CA, USA"
El Centro,CA,32.789332,-115.566508,local,"El Centro, CA, USA"
Jacumba,CA,32.624934,-116.195184,local,"Jacumba, CA, USA"
Thermal,CA,33.543418,-116.115840,local,"Thermal, CA, USA"
Westmorland,CA,33.041058,-115.630723,local,"Westmorland, CA, USA"
Alamosa,CO,37.470274,-105.878602,local,"Alamosa, CO, USA"
Atwood,CO,40.517432,-103.039301,local,"Atwood, CO, USA"
Aurora,CO,39.737809,-104.815233,local,"Aurora, CO, USA"
Bennett,CO,39.725398,-104.427284,local,"Bennett, CO, USA"
Berthoud,CO,40.299333,-105.105459,local,"Berthoud, CO, USA"
Brighton,CO,39.980553,-104.810278,local,"Brighton, CO, USA"
Brush,CO,40.260255,-103.627880,local,"Brush, CO, USA"
Burlington,CO,39.310649,-102.258281,local,"Burlington, CO, USA"
Canon City,CO,38.445074,-105.217829,local,"Canon City, CO, USA"
Colorado City,CO,37.945278,-104.834722,local,"Colorado City, CO, USA"
Colorado Springs,CO,38.833500,-104.820600,local,"Colorado Springs, CO, USA"
Commerce City,CO,39.825875,-104.911349,local,"Commerce City, CO, USA"
Cortez,CO,37.354949,-108.583726,local,"Cortez, CO, USA"
Craig,CO,40.522351,-107.561458,local,"Craig, CO, USA"
Crook,CO,40.874743,-102.847174,local,"Crook, CO, USA"
De Beque,CO,39.311764,-108.230405,local,"De Beque, CO, USA"
Denver,CO,39.840562,-105.007985,local,"Denver, CO, USA"
Dumont,CO,39.764722,-105.599722,local,"Dumont, CO, USA"
Durango,CO,37.287388,-107.861684,local,"Durango, CO, USA"
Eads,CO,38.444141,-102.505360,local,"Eads, CO, USA"
Eaton,CO,40.527272,-104.714559,local,"Eaton, CO, USA"
Erie,CO,40.059746,-105.068583,local,"Erie, CO, USA"
Evans,CO,40.380255,-104.697095,local,"Evans, CO, USA"
Fort Collins,CO,40.581293,-105.103884,local,"Fort Collins, CO, USA"
Fort Morgan,CO,40.254084,-103.803119,local,"Fort Morgan, CO, USA"
Fountain,CO,38.699563,-104.700469,local,"Fountain, CO, USA"
Fruita,CO,39.163656,-108.721757,local,"Fruita, CO, USA"
Golden,CO,39.730548,-105.191528,local,"Golden, CO, USA"
Grand Junction,CO,39.078326,-108.545692,local,"Grand Junction, CO, USA"
Greeley,CO,40.413968,-104.704756,local,"Greeley, CO, USA"
Hudson,CO,40.060555,-104.653208,local,"Hudson, CO, USA"
Johnstown,CO,40.335526,-104.923558,local,"Johnstown, CO, USA"
Keenesburg,CO,40.095847,-104.446366,local,"Keenesburg, CO, USA"
Kersey,CO,40.396305,-104.528768,local,"Kersey, CO, USA"
Kremmling,CO,40.063224,-106.395472,local,"Kremmling, CO, USA"
Lamar,CO,38.084136,-102.619195,local,"Lamar, CO, USA"
Limon,CO,39.263889,-103.691667,local,"Limon, CO, USA"
Longmont,CO,40.177921,-105.100950,local,"Longmont, CO, USA"
Mead,CO,40.233333,-104.998056,local,"Mead, CO, USA"
Meeker,CO,40.038726,-107.892498,local,"Meeker, CO, USA"
Montrose,CO,38.467830,-107.875182,local,"Montrose, CO, USA"
Monument,CO,39.100726,-104.854160,local,"Monument, CO, USA"
Palisade,CO,39.103178,-108.367977,local,"Palisade, CO, USA"
Parachute,CO,39.440729,-108.038038,local,"Parachute, CO, USA"
Pueblo,CO,38.287876,-104.584828,local,"Pueblo, CO, USA"
Rifle,CO,39.549073,-107.789804,local,"Rifle, CO, USA"
Seibert,CO,39.318329,-102.882184,local,"Seibert, CO, USA"
Silt,CO,39.541464,-107.657411,local,"Silt, CO, USA"
Sterling,CO,40.630620,-103.221183,local,"Sterling, CO, USA"
Towaoc,CO,37.208408,-108.719993,local,"Towaoc, CO, USA"
Trinidad,CO,37.175475,-104.500715,local,"Trinidad, CO, USA"
Walsenburg,CO,37.638159,-104.804301,local,"Walsenburg, CO, USA"
Watkins,CO,39.762317,-104.583391,local,"Watkins, CO, USA"
Wellington,CO,40.725525,-105.031844,local,"Wellington, CO, USA"
Wheat Ridge,CO,39.774036,-105.096195,local,"Wheat Ridge, CO, USA"
Wiggins,CO,40.205651,-104.052814,local,"Wiggins, CO, USA"
Windsor,CO,40.483663,-104.899442,local,"Windsor, CO, USA"
Wray,CO,40.104917,-102.233751,local,"Wray, CO, USA"
Yuma,CO,40.130063,-102.707174,local,"Yuma, CO, USA"
Branford,CT,41.279991,-72.810643,local,"Branford, CT, USA"
Bridgeport,CT,41.166900,-73.205200,local,"Bridgeport, CT, USA"
Danbury,CT,41.391663,-73.453165,local,"Danbury, CT, USA"
Darien,CT,41.076759,-73.485254,local,"Darien, CT, USA"
East Granby,CT,41.932215,-72.745889,local,"East Granby, CT, USA"
East Lyme,CT,41.366806,-72.232987,local,"East Lyme, CT, USA"
East Windsor,CT,41.909900,-72.602945,local,"East Windsor, CT, USA"
Hartford,CT,41.763600,-72.685500,local,"Hartford, CT, USA"
Madison,CT,41.309019,-72.615254,local,"Madison, CT, USA"
Milford,CT,41.217466,-73.054948,local,"Milford, CT, USA"
Milldale,CT,41.565833,-72.892222,local,"Milldale, CT, USA"
New Haven,CT,41.308000,-72.928600,local,"New Haven, CT, USA"
North Haven,CT,41.382156,-72.858520,local,"North Haven, CT, USA"
North Stonington,CT,41.453113,-71.872701,local,"North Stonington, CT, USA"
Plainfield,CT,41.677530,-71.921968,local,"Plainfield, CT, USA"
South Windsor,CT,41.834081,-72.557585,local,"South Windsor, CT, USA"
Waterbury,CT,41.558000,-73.051900,local,"Waterbury, CT, USA"
West Haven,CT,41.270079,-72.963842,local,"West Haven, CT, USA"
Willington,CT,41.873996,-72.272774,local,"Willington, CT, USA"
Bridgeville,DE,38.736628,-75.608768,local,"Bridgeville, DE, USA"
Felton,DE,39.022538,-75.582906,local,"Felton, DE, USA"
Greenwood,DE,38.817519,-75.593547,local,"Greenwood, DE, USA"
Laurel,DE,38.553695,-75.563052,local,"Laurel, DE, USA"
Middletown,DE,39.481535,-75.683183,local,"Middletown, DE, USA"
New Castle,DE,39.677030,-75.589938,local,"New Castle, DE, USA"
Newark,DE,39.634869,-75.699339,local,"Newark, DE, USA"
Seaford,DE,38.640358,-75.604122,local,"Seaford, DE, USA"
Baker,FL,30.831569,-86.677015,local,"Baker, FL, USA"
Bartow,FL,27.895664,-81.812684,local,"Bartow, FL, USA"
Blountstown,FL,30.439400,-85.062022,local,"Blountstown, FL, USA"
Bonita Springs,FL,26.386900,-81.733000,local,"Bonita Springs, FL, USA"
Boynton Beach,FL,26.525000,-80.066600,local,"Boynton Beach, FL, USA"
Bradenton,FL,27.502778,-82.513889,local,"Bradenton, FL, USA"
Branford,FL,29.939472,-82.899288,local,"Branford, FL, USA"
Brooksville,FL,28.565805,-82.373674,local,"Brooksville, FL, USA"
Bushnell,FL,28.661062,-82.155297,local,"Bushnell, FL, USA"
Callahan,FL,30.551958,-81.814465,local,"Callahan, FL, USA"
Chiefland,FL,29.483243,-82.880896,local,"Chiefland, FL, USA"
Clearwater,FL,27.979900,-82.780600,local,"Clearwater, FL, USA"
Cocoa,FL,28.367183,-80.746455,local,"Cocoa, FL, USA"
Cottondale,FL,30.800359,-85.384672,local,"Cottondale, FL, USA"
Dade City,FL,28.429700,-82.208200,local,"Dade City, FL, USA"
Davenport,FL,28.220000,-81.620500,local,"Davenport, FL, USA"
Defuniak Springs,FL,30.751783,-86.138006,local,"Defuniak Springs, FL, USA"
Ellenton,FL,27.538180,-82.500600,local,"Ellenton, FL, USA"
Fort Lauderdale,FL,26.121561,-80.128778,local,"Fort Lauderdale, FL, USA"
Fort Myers,FL,26.620403,-81.872500,local,"Fort Myers, FL, USA"
Fort Pierce,FL,27.438233,-80.443963,local,"Fort Pierce, FL, USA"
Gainesville,FL,29.645029,-82.310046,local,"Gainesville, FL, USA"
Grand Ridge,FL,30.714831,-85.020954,local,"Grand Ridge, FL, USA"
Haines City,FL,28.095073,-81.614712,local,"Haines City, FL, USA"
Hastings,FL,29.705147,-81.490908,local,"Hastings, FL, USA"
Hawthorne,FL,29.573998,-82.105625,local,"Hawthorne, FL, USA"
Hialeah,FL,25.905000,-80.304900,local,"Hialeah, FL, USA"
Homestead,FL,25.476639,-80.483853,local,"Homestead, FL, USA"
Hosford,FL,30.363875,-84.805433,local,"Hosford, FL, USA"
Hudson,FL,28.364763,-82.675669,local,"Hudson, FL, USA"
Immokalee,FL,26.375100,-81.367800,local,"Immokalee, FL, USA"
Jacksonville,FL,30.316300,-81.417500,local,"Jacksonville, FL, USA"
Jasper,FL,30.502914,-82.932186,local,"Jasper, FL, USA"
Jennings,FL,30.548243,-83.134971,local,"Jennings, FL, USA"
Jupiter,FL,26.933938,-80.120091,local,"Jupiter, FL, USA"
Kissimmee,FL,28.305056,-81.424208,local,"Kissimmee, FL, USA"
Labelle,FL,26.732093,-81.434027,local,"Labelle, FL, USA"
Lake Butler,FL,30.003485,-82.382796,local,"Lake Butler, FL, USA"
Lake City,FL,30.094900,-82.711700,local,"Lake City, FL, USA"
Lake Panasoffkee,FL,28.795261,-82.136279,local,"Lake Panasoffkee, FL, USA"
Lake Placid,FL,27.294474,-81.364918,local,"Lake Placid, FL, USA"
Lake Wales,FL,27.903734,-81.548805,local,"Lake Wales, FL, USA"
Lakeland,FL,28.038134,-81.939153,local,"Lakeland, FL, USA"
Lamont,FL,30.365341,-83.900266,local,"Lamont, FL, USA"
Land O Lakes,FL,28.268200,-82.465000,local,"Land O Lakes, FL, USA"
Lawtey,FL,30.047164,-82.105544,local,"Lawtey, FL, USA"
Lecanto,FL,28.930300,-82.490500,local,"Lecanto, FL, USA"
Lee,FL,30.397863,-83.284392,local,"Lee, FL, USA"
Leesburg,FL,28.807965,-81.885772,local,"Leesburg, FL, USA"
Live Oak,FL,30.286622,-83.024994,local,"Live Oak, FL, USA"
Macclenny,FL,30.273671,-82.132475,local,"Macclenny, FL, USA"
Madison,FL,30.480209,-83.406678,local,"Madison, FL, USA"
Marathon,FL,24.727919,-81.038581,local,"Marathon, FL, USA"
Marianna,FL,30.758587,-85.229367,local,"Marianna, FL, USA"
Mascotte,FL,28.578056,-81.886944,local,"Mascotte, FL, USA"
Mc Alpin,FL,30.150899,-82.966182,local,"Mc Alpin, FL, USA"
Miami,FL,25.779000,-80.198200,local,"Miami, FL, USA"
Middleburg,FL,30.068611,-81.860556,local,"Middleburg, FL, USA"
Midway,FL,30.495278,-84.454444,local,"Midway, FL, USA"
Milton,FL,30.660413,-87.047278,local,"Milton, FL, USA"
Mims,FL,28.697383,-80.866278,local,"Mims, FL, USA"
Moore Haven,FL,26.832749,-81.218776,local,"Moore Haven, FL, USA"
Nokomis,FL,27.118889,-82.444444,local,"Nokomis, FL, USA"
North Fort Myers,FL,26.678138,-81.909632,local,"North Fort Myers, FL, USA"
Ocala,FL,29.198100,-82.097400,local,"Ocala, FL, USA"
Okeechobee,FL,27.311532,-80.847853,local,"Okeechobee, FL, USA"
Opa Locka,FL,25.909662,-80.247004,local,"Opa Locka, FL, USA"
Orlando,FL,28.498821,-80.582480,local,"Orlando, FL, USA"
Ormond Beach,FL,29.285500,-81.056100,local,"Ormond Beach, FL, USA"
Palatka,FL,29.657748,-81.659452,local,"Palatka, FL, USA"
Palm Bay,FL,28.014605,-80.599087,local,"Palm Bay, FL, USA"
Palmetto,FL,27.521111,-82.572500,local,"Palmetto, FL, USA"
Panama City,FL,30.160624,-85.649403,local,"Panama City, FL, USA"
Pensacola,FL,30.422282,-87.224763,local,"Pensacola, FL, USA"
Perry,FL,30.097489,-83.585021,local,"Perry, FL, USA"
Pierson,FL,29.222596,-81.435330,local,"Pierson, FL, USA"
Plant City,FL,28.016800,-82.128900,local,"Plant City, FL, USA"
Polk City,FL,28.198670,-81.808282,local,"Polk City, FL, USA"
Pompano Beach,FL,26.231529,-80.123460,local,"Pompano Beach, FL, USA"
Punta Gorda,FL,26.915163,-82.053166,local,"Punta Gorda, FL, USA"
Reddick,FL,29.375352,-82.243995,local,"Reddick, FL, USA"
Saint Augustine,FL,29.836400,-81.274500,local,"Saint Augustine, FL, USA"
Saint Johns,FL,30.095578,-81.621701,local,"Saint Johns, FL, USA"
San Antonio,FL,28.337139,-82.288237,local,"San Antonio, FL, USA"
Sebring,FL,27.492391,-81.435712,local,"Sebring, FL, USA"
Seffner,FL,27.983333,-82.275833,local,"Seffner, FL, USA"
South Bay,FL,26.670126,-80.731214,local,"South Bay, FL, USA"
Summerfield,FL,28.995800,-82.021400,local,"Summerfield, FL, USA"
Tallahassee,FL,30.428563,-84.259337,local,"Tallahassee, FL, USA"
Tampa,FL,28.087900,-82.459300,local,"Tampa, FL, USA"
Vero Beach,FL,27.632985,-80.403075,local,"Vero Beach, FL, USA"
Waldo,FL,29.787096,-82.160791,local,"Waldo, FL, USA"
Webster,FL,28.577492,-82.092975,local,"Webster, FL, USA"
West Palm Beach,FL,26.713956,-80.065874,local,"West Palm Beach, FL, USA"
Wildwood,FL,28.845353,-82.034730,local,"Wildwood, FL, USA"
Winter Garden,FL,28.486700,-81.605100,local,"Winter Garden, FL, USA"
Youngstown,FL,30.326913,-85.516881,local,"Youngstown, FL, USA"
Yulee,FL,30.631667,-81.606667,local,"Yulee, FL, USA"
Zellwood,FL,28.719440,-81.576174,local,"Zellwood, FL, USA"
Acworth,GA,34.065833,-84.676944,local,"Acworth, GA, USA"
Adairsville,GA,34.359527,-84.917634,local,"Adairsville, GA, USA"
Adel,GA,31.125143,-83.421346,local,"Adel, GA, USA"
ALBANY,GA,31.567783,-84.161923,local,"Albany, GA, USA"
Alma,GA,31.546525,-82.463300,local,"Alma, GA, USA"
Alpharetta,GA,34.104800,-84.294900,local,"Alpharetta, GA, USA"
Americus,GA,32.088100,-84.236200,local,"Americus, GA, USA"
Athens,GA,33.976097,-83.363174,local,"Athens, GA, USA"
Atlanta,GA,33.749788,-84.316850,local,"Atlanta, GA, USA"
Attapulgus,GA,30.748889,-84.483889,local,"Attapulgus, GA, USA"
Augusta,GA,33.511692,-82.099505,local,"Augusta, GA, USA"
Bainbridge,GA,30.935500,-84.580900,local,"Bainbridge, GA, USA"
Baxley,GA,31.783663,-82.348643,local,"Baxley, GA, USA"
Bethlehem,GA,33.926116,-83.728227,local,"Bethlehem, GA, USA"
Blackshear,GA,31.293063,-82.261708,local,"Blackshear, GA, USA"
Bloomingdale,GA,32.117654,-81.308465,local,"Bloomingdale, GA, USA"
Blythe,GA,33.294088,-82.203044,local,"Blythe, GA, USA"
Braselton,GA,34.138941,-83.781162,local,"Braselton, GA, USA"
Bremen,GA,33.730872,-85.128638,local,"Bremen, GA, USA"
Brunswick,GA,31.169652,-81.493045,local,"Brunswick, GA, USA"
Buena Vista,GA,32.354198,-84.527347,local,"Buena Vista, GA, USA"
Byron,GA,32.647384,-83.762244,local,"Byron, GA, USA"
Cairo,GA,30.951700,-84.204800,local,"Cairo, GA, USA"
Calhoun,GA,34.496456,-84.934545,local,"Calhoun, GA, USA"
Camilla,GA,31.219915,-84.229683,local,"Camilla, GA, USA"
Carnesville,GA,34.394723,-83.279209,local,"Carnesville, GA, USA"
Cartersville,GA,34.186975,-84.820401,local,"Cartersville, GA, USA"
Chatsworth,GA,34.758929,-84.794293,local,"Chatsworth, GA, USA"
Clarkesville,GA,34.644993,-83.524304,local,"Clarkesville, GA, USA"
Columbus,GA,32.473035,-84.979456,local,"Columbus, GA, USA"
Commerce,GA,34.221600,-83.387400,local,"Commerce, GA, USA"
Conley,GA,33.644722,-84.325833,local,"Conley, GA, USA"
Cordele,GA,31.963333,-83.782500,local,"Cordele, GA, USA"
Crawfordville,GA,33.570801,-82.887234,local,"Crawfordville, GA, USA"
Cusseta,GA,32.299026,-84.764537,local,"Cusseta, GA, USA"
Cuthbert,GA,31.771111,-84.789444,local,"Cuthbert, GA, USA"
Dacula,GA,33.988611,-83.898056,local,"Dacula, GA, USA"
Dalton,GA,34.769700,-84.970200,local,"Dalton, GA, USA"
Darien,GA,31.382574,-81.431175,local,"Darien, GA, USA"
Dawson,GA,31.773333,-84.446667,local,"Dawson, GA, USA"
Dawsonville,GA,34.394331,-84.103705,local,"Dawsonville, GA, USA"
Donalsonville,GA,31.040278,-84.879167,local,"Donalsonville, GA, USA"
Douglas,GA,31.497287,-82.846468,local,"Douglas, GA, USA"
Dublin,GA,32.547794,-82.903680,local,"Dublin, GA, USA"
Dudley,GA,32.525879,-83.089918,local,"Dudley, GA, USA"
East Dublin,GA,32.547500,-82.868333,local,"East Dublin, GA, USA"
Eatonton,GA,33.312723,-83.362770,local,"Eatonton, GA, USA"
Elberton,GA,34.108202,-82.844765,local,"Elberton, GA, USA"
Ellabell,GA,32.127304,-81.498302,local,"Ellabell, GA, USA"
Ellenwood,GA,33.610000,-84.288056,local,"Ellenwood, GA, USA"
Emerson,GA,34.119969,-84.757045,local,"Emerson, GA, USA"
Fairburn,GA,33.564820,-84.580857,local,"Fairburn, GA, USA"
Folkston,GA,30.850838,-82.011617,local,"Folkston, GA, USA"
Forest Park,GA,33.621111,-84.365833,local,"Forest Park, GA, USA"
Forsyth,GA,33.050764,-83.936209,local,"Forsyth, GA, USA"
Fort Valley,GA,32.549560,-83.888727,local,"Fort Valley, GA, USA"
Fortson,GA,32.628841,-85.001654,local,"Fortson, GA, USA"
Gainesville,GA,34.307269,-83.825596,local,"Gainesville, GA, USA"
Gordon,GA,32.909212,-83.320416,local,"Gordon, GA, USA"
Greensboro,GA,33.563682,-83.170192,local,"Greensboro, GA, USA"
Griffin,GA,33.254900,-84.272759,local,"Griffin, GA, USA"
Grovetown,GA,33.476622,-82.240937,local,"Grovetown, GA, USA"
Guyton,GA,32.313990,-81.389593,local,"Guyton, GA, USA"
Hahira,GA,30.941593,-83.357366,local,"Hahira, GA, USA"
Hampton,GA,33.412398,-84.294744,local,"Hampton, GA, USA"
Harlem,GA,33.417007,-82.309659,local,"Harlem, GA, USA"
Hawkinsville,GA,32.277834,-83.494763,local,"Hawkinsville, GA, USA"
Hazlehurst,GA,31.860569,-82.590947,local,"Hazlehurst, GA, USA"
Hephzibah,GA,33.343328,-82.088689,local,"Hephzibah, GA, USA"
Hogansville,GA,33.164382,-84.930856,local,"Hogansville, GA, USA"
Homerville,GA,31.044991,-82.743103,local,"Homerville, GA, USA"
Jackson,GA,33.282006,-83.978391,local,"Jackson, GA, USA"
Jasper,GA,34.461965,-84.475881,local,"Jasper, GA, USA"
Jefferson,GA,34.106197,-83.570813,local,"Jefferson, GA, USA"
Jeffersonville,GA,32.741096,-83.385896,local,"Jeffersonville, GA, USA"
Jesup,GA,31.604326,-81.887060,local,"Jesup, GA, USA"
Kingsland,GA,30.797681,-81.707483,local,"Kingsland, GA, USA"
Lagrange,GA,33.034025,-85.039511,local,"Lagrange, GA, USA"
Lake Park,GA,30.690615,-83.175293,local,"Lake Park, GA, USA"
Leesburg,GA,31.681161,-84.159263,local,"Leesburg, GA, USA"
Lithia Springs,GA,33.793889,-84.660556,local,"Lithia Springs, GA, USA"
Lithonia,GA,33.682311,-84.160997,local,"Lithonia, GA, USA"
Louisville,GA,33.016342,-82.383616,local,"Louisville, GA, USA"
Lula,GA,34.398513,-83.694459,local,"Lula, GA, USA"
Lumber City,GA,31.925124,-82.707312,local,"Lumber City, GA, USA"
Macon,GA,32.843860,-83.598686,local,"Macon, GA, USA"
Madison,GA,33.594681,-83.461781,local,"Madison, GA, USA"
Marietta,GA,33.904300,-84.468000,local,"Marietta, GA, USA"
Mcdonough,GA,33.450556,-84.158333,local,"Mcdonough, GA, USA"
Metter,GA,32.401034,-82.060722,local,"Metter, GA, USA"
Midland,GA,32.561587,-84.855851,local,"Midland, GA, USA"
Midway,GA,31.801803,-81.390897,local,"Midway, GA, USA"
Millen,GA,32.787739,-81.961807,local,"Millen, GA, USA"
Monroe,GA,33.808141,-83.707221,local,"Monroe, GA, USA"
Moultrie,GA,31.179244,-83.764089,local,"Moultrie, GA, USA"
Newnan,GA,33.389404,-84.816952,local,"Newnan, GA, USA"
Ocilla,GA,31.592944,-83.256542,local,"Ocilla, GA, USA"
Palmetto,GA,33.524195,-84.678999,local,"Palmetto, GA, USA"
Pelham,GA,31.127233,-84.156367,local,"Pelham, GA, USA"
Perry,GA,32.460510,-83.728258,local,"Perry, GA, USA"
Pinehurst,GA,32.196692,-83.720853,local,"Pinehurst, GA, USA"
Pooler,GA,32.114931,-81.251958,local,"Pooler, GA, USA"
Port Wentworth,GA,32.149092,-81.163168,nominatim,"Port Wentworth, Chatham County, Georgia, United States"
Pulaski,GA,32.390000,-81.956944,local,"Pulaski, GA, USA"
Rabun Gap,GA,34.957552,-83.390122,local,"Rabun Gap, GA, USA"
Register,GA,32.338235,-81.872828,local,"Register, GA, USA"
Resaca,GA,34.591996,-84.916251,local,"Resaca, GA, USA"
Richland,GA,32.084578,-84.666724,local,"Richland, GA, USA"
Richmond Hill,GA,31.896152,-81.294026,local,"Richmond Hill, GA, USA"
Rincon,GA,32.235632,-81.287777,local,"Rincon, GA, USA"
Ringgold,GA,34.920520,-85.154908,local,"Ringgold, GA, USA"
Rising Fawn,GA,34.853491,-85.471078,local,"Rising Fawn, GA, USA"
Rockmart,GA,33.997912,-85.059370,local,"Rockmart, GA, USA"
Rome,GA,34.250726,-85.146501,local,"Rome, GA, USA"
Saint Marys,GA,30.773467,-81.565211,local,"Saint Marys, GA, USA"
Savannah,GA,32.067631,-81.102394,local,"Savannah, GA, USA"
Soperton,GA,32.386861,-82.587098,local,"Soperton, GA, USA"
Statesboro,GA,32.440841,-81.773956,local,"Statesboro, GA, USA"
Stone Mountain,GA,33.794233,-84.201754,local,"Stone Mountain, GA, USA"
Surrency,GA,31.648931,-82.198218,local,"Surrency, GA, USA"
Sycamore,GA,31.655329,-83.606363,local,"Sycamore, GA, USA"
Sylvania,GA,32.776270,-81.633394,local,"Sylvania, GA, USA"
Tallapoosa,GA,33.760174,-85.300047,local,"Tallapoosa, GA, USA"
Taylorsville,GA,34.122941,-84.973859,local,"Taylorsville, GA, USA"
Temple,GA,33.767687,-85.013315,local,"Temple, GA, USA"
Tennille,GA,32.906300,-82.840024,local,"Tennille, GA, USA"
Thomasville,GA,30.866500,-83.923300,local,"Thomasville, GA, USA"
Thomson,GA,33.477363,-82.494204,local,"Thomson, GA, USA"
Tifton,GA,31.450278,-83.508611,local,"Tifton, GA, USA"
Twin City,GA,32.612926,-82.197856,local,"Twin City, GA, USA"
Union Point,GA,33.634544,-83.087913,local,"Union Point, GA, USA"
Valdosta,GA,30.810578,-83.277166,local,"Valdosta, GA, USA"
Vidalia,GA,32.193408,-82.406724,local,"Vidalia, GA, USA"
Vienna,GA,32.091291,-83.792198,local,"Vienna, GA, USA"
Villa Rica,GA,33.717290,-84.929697,local,"Villa Rica, GA, USA"
Waco,GA,33.683986,-85.219674,local,"Waco, GA, USA"
Wadley,GA,32.874742,-82.402459,local,"Wadley, GA, USA"
Warrenton,GA,33.409140,-82.635680,local,"Warrenton, GA, USA"
Waycross,GA,31.219686,-82.364512,local,"Waycross, GA, USA"
Waynesboro,GA,33.101254,-81.990797,local,"Waynesboro, GA, USA"
West Point,GA,32.833683,-85.119714,local,"West Point, GA, USA"
Whitesburg,GA,33.511093,-84.925426,local,"Whitesburg, GA, USA"
Wildwood,GA,34.977911,-85.430456,local,"Wildwood, GA, USA"
Willacoochee,GA,31.345481,-83.044931,local,"Willacoochee, GA, USA"
Woodbine,GA,30.943692,-81.678313,local,"Woodbine, GA, USA"
Wrens,GA,33.210397,-82.380962,local,"Wrens, GA, USA"
Wrightsville,GA,32.721866,-82.726206,local,"Wrightsville, GA, USA"
Zebulon,GA,33.100235,-84.310827,local,"Zebulon, GA, USA"
Ainsworth,IA,41.320226,-91.547173,local,"Ainsworth, IA, USA"
Algona,IA,43.065976,-94.230638,local,"Algona, IA, USA"
Altoona,IA,41.647549,-93.472415,local,"Altoona, IA, USA"
Ames,IA,42.029859,-93.639398,local,"Ames, IA, USA"
Anamosa,IA,42.107763,-91.285115,local,"Anamosa, IA, USA"
Ankeny,IA,41.727550,-93.602175,local,"Ankeny, IA, USA"
Atalissa,IA,41.561443,-91.174764,local,"Atalissa, IA, USA"
Audubon,IA,41.730032,-94.916412,local,"Audubon, IA, USA"
Avoca,IA,41.476834,-95.350872,local,"Avoca, IA, USA"
Batavia,IA,40.990480,-92.143059,local,"Batavia, IA, USA"
Bettendorf,IA,41.550865,-90.494201,local,"Bettendorf, IA, USA"
Bevington,IA,41.371763,-93.812865,local,"Bevington, IA, USA"
Bondurant,IA,41.701660,-93.452689,local,"Bondurant, IA, USA"
Brooklyn,IA,41.732147,-92.428462,local,"Brooklyn, IA, USA"
Calmar,IA,43.197402,-91.912579,local,"Calmar, IA, USA"
Carroll,IA,42.071972,-94.866664,local,"Carroll, IA, USA"
Cedar Falls,IA,42.524071,-92.449725,local,"Cedar Falls, IA, USA"
Cedar Rapids,IA,41.974300,-91.655382,local,"Cedar Rapids, IA, USA"
Center Point,IA,42.189844,-91.775764,local,"Center Point, IA, USA"
Centerville,IA,40.732590,-92.872826,local,"Centerville, IA, USA"
Chariton,IA,41.022638,-93.304190,local,"Chariton, IA, USA"
Charles City,IA,43.068327,-92.676062,local,"Charles City, IA, USA"
Clarence,IA,41.889580,-91.060457,local,"Clarence, IA, USA"
Clear Lake,IA,43.140607,-93.384978,local,"Clear Lake, IA, USA"
Clinton,IA,41.851684,-90.207784,local,"Clinton, IA, USA"
Clive,IA,41.606729,-93.745749,local,"Clive, IA, USA"
Colfax,IA,41.678785,-93.258816,local,"Colfax, IA, USA"
Coralville,IA,41.693666,-91.590608,local,"Coralville, IA, USA"
Correctionville,IA,42.474322,-95.780382,local,"Correctionville, IA, USA"
Council Bluffs,IA,41.252954,-95.880992,local,"Council Bluffs, IA, USA"
Cresco,IA,43.363007,-92.125954,local,"Cresco, IA, USA"
Creston,IA,41.062384,-94.369151,local,"Creston, IA, USA"
Davenport,IA,41.521800,-90.574300,local,"Davenport, IA, USA"
De Soto,IA,41.533285,-94.027582,local,"De Soto, IA, USA"
De Witt,IA,41.826726,-90.523735,local,"De Witt, IA, USA"
Decorah,IA,43.322711,-91.793947,local,"Decorah, IA, USA"
Delaware,IA,42.477713,-91.347176,local,"Delaware, IA, USA"
Denison,IA,42.019626,-95.363572,local,"Denison, IA, USA"
Denver,IA,42.673137,-92.341701,local,"Denver, IA, USA"
Des Moines,IA,41.600500,-93.608800,local,"Des Moines, IA, USA"
Dows,IA,42.661026,-93.505801,local,"Dows, IA, USA"
Dubuque,IA,42.514977,-90.681914,local,"Dubuque, IA, USA"
Duncombe,IA,42.449303,-94.059212,local,"Duncombe, IA, USA"
Early,IA,42.448258,-95.172569,local,"Early, IA, USA"
Eddyville,IA,41.153266,-92.622052,local,"Eddyville, IA, USA"
Ellsworth,IA,42.300860,-93.548979,local,"Ellsworth, IA, USA"
Emmetsburg,IA,43.108249,-94.682545,local,"Emmetsburg, IA, USA"
Estherville,IA,43.401709,-94.818001,local,"Estherville, IA, USA"
Evansdale,IA,42.475453,-92.281158,local,"Evansdale, IA, USA"
Floyd,IA,43.143049,-92.723988,local,"Floyd, IA, USA"
Forest City,IA,43.269184,-93.635595,local,"Forest City, IA, USA"
Fort Dodge,IA,42.508817,-94.180737,local,"Fort Dodge, IA, USA"
Fort Madison,IA,40.633008,-91.339829,local,"Fort Madison, IA, USA"
Garner,IA,43.114395,-93.594394,local,"Garner, IA, USA"
Greene,IA,42.916040,-92.758324,local,"Greene, IA, USA"
Grinnell,IA,41.742081,-92.734432,local,"Grinnell, IA, USA"
Guttenberg,IA,42.759443,-91.119015,local,"Guttenberg, IA, USA"
Hampton,IA,42.740531,-93.210954,local,"Hampton, IA, USA"
Hinton,IA,42.604046,-96.305033,local,"Hinton, IA, USA"
Holland,IA,42.401140,-92.799884,local,"Holland, IA, USA"
Holstein,IA,42.494779,-95.564971,local,"Holstein, IA, USA"
Huxley,IA,41.899434,-93.602381,local,"Huxley, IA, USA"
Independence,IA,42.467440,-91.880343,local,"Independence, IA, USA"
Iowa City,IA,41.654899,-91.511192,local,"Iowa City, IA, USA"
Iowa Falls,IA,42.513756,-93.270943,local,"Iowa Falls, IA, USA"
Janesville,IA,42.646515,-92.479096,local,"Janesville, IA, USA"
Jefferson,IA,42.009325,-94.388768,local,"Jefferson, IA, USA"
Latimer,IA,42.759783,-93.351798,local,"Latimer, IA, USA"
Le Mars,IA,42.796230,-96.170386,local,"Le Mars, IA, USA"
Lime Springs,IA,43.455630,-92.273324,local,"Lime Springs, IA, USA"
Manchester,IA,42.483418,-91.449001,local,"Manchester, IA, USA"
Manning,IA,41.907248,-95.055622,local,"Manning, IA, USA"
Manson,IA,42.528503,-94.530386,local,"Manson, IA, USA"
Maquoketa,IA,42.077820,-90.677075,local,"Maquoketa, IA, USA"
Marcus,IA,42.819959,-95.803431,local,"Marcus, IA, USA"
Marion,IA,42.041095,-91.594135,local,"Marion, IA, USA"
Marshalltown,IA,42.040482,-92.912690,local,"Marshalltown, IA, USA"
Mason City,IA,43.149869,-93.195379,local,"Mason City, IA, USA"
Mediapolis,IA,41.005932,-91.132142,local,"Mediapolis, IA, USA"
Milford,IA,43.319640,-95.161534,local,"Milford, IA, USA"
Minden,IA,41.465355,-95.551887,local,"Minden, IA, USA"
Missouri Valley,IA,41.564399,-95.891346,local,"Missouri Valley, IA, USA"
Monona,IA,43.073485,-91.458677,local,"Monona, IA, USA"
Monroe,IA,41.535619,-93.072551,local,"Monroe, IA, USA"
Monticello,IA,42.232591,-91.198901,local,"Monticello, IA, USA"
Mount Ayr,IA,40.714200,-94.232146,local,"Mount Ayr, IA, USA"
Mount Pleasant,IA,40.964573,-91.561427,local,"Mount Pleasant, IA, USA"
Muscatine,IA,41.430378,-91.050928,local,"Muscatine, IA, USA"
Neola,IA,41.456383,-95.679358,local,"Neola, IA, USA"
Nevada,IA,42.018983,-93.446219,local,"Nevada, IA, USA"
New Hampton,IA,43.056015,-92.313136,local,"New Hampton, IA, USA"
New Virginia,IA,41.160063,-93.711312,local,"New Virginia, IA, USA"
Newton,IA,41.699173,-93.045456,local,"Newton, IA, USA"
North Liberty,IA,41.744318,-91.606120,local,"North Liberty, IA, USA"
Northwood,IA,43.450604,-93.241943,local,"Northwood, IA, USA"
Odebolt,IA,42.309514,-95.250050,local,"Odebolt, IA, USA"
Oelwein,IA,42.681095,-91.913084,local,"Oelwein, IA, USA"
Onawa,IA,42.036967,-96.107213,local,"Onawa, IA, USA"
Osceola,IA,41.029503,-93.771236,local,"Osceola, IA, USA"
Ottumwa,IA,41.015099,-92.413428,local,"Ottumwa, IA, USA"
Pacific Junction,IA,41.027123,-95.804645,local,"Pacific Junction, IA, USA"
Parkersburg,IA,42.571377,-92.768763,local,"Parkersburg, IA, USA"
Pella,IA,41.408175,-92.917207,local,"Pella, IA, USA"
Peosta,IA,42.443535,-90.809372,local,"Peosta, IA, USA"
Percival,IA,40.740148,-95.809307,local,"Percival, IA, USA"
Perry,IA,41.839695,-94.102167,local,"Perry, IA, USA"
Polk City,IA,41.754905,-93.689346,local,"Polk City, IA, USA"
Postville,IA,43.003619,-91.547809,local,"Postville, IA, USA"
Red Oak,IA,41.007949,-95.226924,local,"Red Oak, IA, USA"
Riverside,IA,41.475792,-91.574140,local,"Riverside, IA, USA"
Rock Rapids,IA,43.427192,-96.178055,local,"Rock Rapids, IA, USA"
Rockwell City,IA,42.396126,-94.629219,local,"Rockwell City, IA, USA"
Sheffield,IA,42.877881,-93.215583,local,"Sheffield, IA, USA"
Shelby,IA,41.533898,-95.446888,local,"Shelby, IA, USA"
Sheldon,IA,43.180797,-95.840141,local,"Sheldon, IA, USA"
Sibley,IA,43.406929,-95.742400,local,"Sibley, IA, USA"
Sigourney,IA,41.330071,-92.201888,local,"Sigourney, IA, USA"
Sioux Center,IA,43.081416,-96.179952,local,"Sioux Center, IA, USA"
Sioux City,IA,42.497223,-96.402920,local,"Sioux City, IA, USA"
Sloan,IA,42.242726,-96.230634,local,"Sloan, IA, USA"
Spencer,IA,43.145107,-95.145690,local,"Spencer, IA, USA"
Spirit Lake,IA,43.426211,-95.112336,local,"Spirit Lake, IA, USA"
Storm Lake,IA,42.647380,-95.196079,local,"Storm Lake, IA, USA"
Story City,IA,42.183487,-93.598811,local,"Story City, IA, USA"
Stuart,IA,41.518643,-94.304563,local,"Stuart, IA, USA"
Tama,IA,41.961642,-92.580049,local,"Tama, IA, USA"
Tiffin,IA,41.705833,-91.662778,local,"Tiffin, IA, USA"
Tipton,IA,41.756276,-91.136163,local,"Tipton, IA, USA"
Toledo,IA,42.007696,-92.566206,local,"Toledo, IA, USA"
Underwood,IA,41.360294,-95.626997,local,"Underwood, IA, USA"
Urbana,IA,42.224167,-91.874167,local,"Urbana, IA, USA"
Urbandale,IA,41.629479,-93.723042,local,"Urbandale, IA, USA"
Vinton,IA,42.174284,-91.989154,local,"Vinton, IA, USA"
Walcott,IA,41.645309,-90.725603,local,"Walcott, IA, USA"
Walnut,IA,41.462329,-95.217973,local,"Walnut, IA, USA"
Wapello,IA,41.206982,-91.171921,local,"Wapello, IA, USA"
Washington,IA,41.301453,-91.698671,local,"Washington, IA, USA"
Waterloo,IA,42.477784,-92.366099,local,"Waterloo, IA, USA"
Webster City,IA,42.465682,-93.826216,local,"Webster City, IA, USA"
Welton,IA,41.907472,-90.606785,local,"Welton, IA, USA"
West Burlington,IA,40.832081,-91.179894,local,"West Burlington, IA, USA"
West Liberty,IA,41.570055,-91.266847,local,"West Liberty, IA, USA"
Wever,IA,40.706652,-91.226767,local,"Wever, IA, USA"
Williams,IA,42.461376,-93.567740,local,"Williams, IA, USA"
Williamsburg,IA,41.639308,-92.024011,local,"Williamsburg, IA, USA"
American Falls,ID,42.789876,-112.870714,local,"American Falls, ID, USA"
Blackfoot,ID,43.194327,-112.361545,local,"Blackfoot, ID, USA"
Bliss,ID,42.944859,-114.910387,local,"Bliss, ID, USA"
Boise,ID,43.613600,-116.202500,local,"Boise, ID, USA"
Bonners Ferry,ID,48.730642,-116.332178,local,"Bonners Ferry, ID, USA"
Caldwell,ID,43.662719,-116.700038,local,"Caldwell, ID, USA"
Council,ID,44.762754,-116.451833,local,"Council, ID, USA"
Downey,ID,42.418127,-112.109019,local,"Downey, ID, USA"
Dubois,ID,44.185769,-112.325852,local,"Dubois, ID, USA"
Eden,ID,42.580374,-114.162762,local,"Eden, ID, USA"
Fort Hall,ID,42.988717,-112.459854,local,"Fort Hall, ID, USA"
Franklin,ID,42.030389,-111.822862,local,"Franklin, ID, USA"
Fruitland,ID,44.002658,-116.914259,local,"Fruitland, ID, USA"
Grangeville,ID,45.927239,-116.107639,local,"Grangeville, ID, USA"
Heyburn,ID,42.559922,-113.770885,local,"Heyburn, ID, USA"
Idaho Falls,ID,43.517679,-111.990626,local,"Idaho Falls, ID, USA"
Jerome,ID,42.717840,-114.501244,local,"Jerome, ID, USA"
Lewiston,ID,46.389457,-116.987714,local,"Lewiston, ID, USA"
Malad City,ID,42.180783,-112.262045,local,"Malad City, ID, USA"
Marsing,ID,43.539866,-116.823968,local,"Marsing, ID, USA"
Mccammon,ID,42.633620,-112.175758,local,"Mccammon, ID, USA"
Montpelier,ID,42.351990,-111.319460,local,"Montpelier, ID, USA"
Mountain Home,ID,43.139223,-115.696334,local,"Mountain Home, ID, USA"
Nampa,ID,43.583420,-116.584818,local,"Nampa, ID, USA"
Pocatello,ID,42.887592,-112.438142,local,"Pocatello, ID, USA"
Post Falls,ID,47.720475,-116.935349,local,"Post Falls, ID, USA"
Twin Falls,ID,42.556495,-114.469265,local,"Twin Falls, ID, USA"
Wilder,ID,43.657851,-116.912199,local,"Wilder, ID, USA"
Addison,IL,41.933509,-88.005400,local,"Addison, IL, USA"
Alsip,IL,41.672300,-87.733900,local,"Alsip, IL, USA"
Altamont,IL,39.063449,-88.748092,local,"Altamont, IL, USA"
Annawan,IL,41.398022,-89.912949,local,"Annawan, IL, USA"
Atkinson,IL,41.416190,-90.022482,local,"Atkinson, IL, USA"
Atlanta,IL,40.258624,-89.230021,local,"Atlanta, IL, USA"
Barry,IL,39.704662,-91.026482,local,"Barry, IL, USA"
Batavia,IL,41.848165,-88.309756,local,"Batavia, IL, USA"
Bedford Park,IL,41.759444,-87.786667,local,"Bedford Park, IL, USA"
Bellwood,IL,41.882484,-87.878557,local,"Bellwood, IL, USA"
Belvidere,IL,42.259465,-88.850943,local,"Belvidere, IL, USA"
Bensenville,IL,41.953600,-87.935000,local,"Bensenville, IL, USA"
Benton,IL,37.999980,-88.922659,local,"Benton, IL, USA"
Berwyn,IL,41.841819,-87.790750,local,"Berwyn, IL, USA"
Bloomingdale,IL,41.948270,-88.078240,local,"Bloomingdale, IL, USA"
Bloomington,IL,40.478295,-88.989318,local,"Bloomington, IL, USA"
Bolingbrook,IL,41.697605,-88.087315,local,"Bolingbrook, IL, USA"
Bourbonnais,IL,41.166119,-87.879023,local,"Bourbonnais, IL, USA"
Bridgeview,IL,41.743128,-87.806572,local,"Bridgeview, IL, USA"
Brighton,IL,39.036098,-90.144312,local,"Brighton, IL, USA"
Burbank,IL,41.744704,-87.769907,local,"Burbank, IL, USA"
Carol Stream,IL,41.916600,-88.120900,local,"Carol Stream, IL, USA"
Carrollton,IL,39.300937,-90.409211,local,"Carrollton, IL, USA"
Casey,IL,39.301716,-87.991306,local,"Casey, IL, USA"
Champaign,IL,40.111017,-88.240747,local,"Champaign, IL, USA"
Channahon,IL,41.434664,-88.213786,local,"Channahon, IL, USA"
Cherry Valley,IL,42.220562,-88.961923,local,"Cherry Valley, IL, USA"
Chicago,IL,41.885847,-87.618123,local,"Chicago, IL, USA"
Chicago Heights,IL,41.506202,-87.613209,local,"Chicago Heights, IL, USA"
Cicero,IL,41.845556,-87.753889,local,"Cicero, IL, USA"
Crest Hill,IL,41.566239,-88.116924,local,"Crest Hill, IL, USA"
Crete,IL,41.438952,-87.602738,local,"Crete, IL, USA"
Crystal Lake,IL,42.266198,-88.321294,local,"Crystal Lake, IL, USA"
Decatur,IL,39.827137,-88.925984,local,"Decatur, IL, USA"
Dekalb,IL,41.934245,-88.760673,local,"Dekalb, IL, USA"
Des Plaines,IL,42.046734,-87.885899,local,"Des Plaines, IL, USA"
Divernon,IL,39.567684,-89.654654,local,"Divernon, IL, USA"
Dixon,IL,41.847797,-89.489303,local,"Dixon, IL, USA"
Downs,IL,40.380858,-88.870814,local,"Downs, IL, USA"
Dundee,IL,42.096197,-88.290202,local,"Dundee, IL, USA"
Dwight,IL,41.088701,-88.415884,local,"Dwight, IL, USA"
East Saint Louis,IL,38.631538,-90.138066,local,"East Saint Louis, IL, USA"
Edwards,IL,40.764362,-89.705344,local,"Edwards, IL, USA"
Effingham,IL,39.121727,-88.561105,local,"Effingham, IL, USA"
El Paso,IL,40.738948,-89.011952,local,"El Paso, IL, USA"
Elgin,IL,42.038356,-88.260631,local,"Elgin, IL, USA"
Elk Grove Village,IL,42.005613,-88.012775,local,"Elk Grove Village, IL, USA"
Elwood,IL,41.426018,-88.086420,local,"Elwood, IL, USA"
Fairfield,IL,38.378214,-88.359323,local,"Fairfield, IL, USA"
Farina,IL,38.846902,-88.761412,local,"Farina, IL, USA"
Farmer City,IL,40.244689,-88.663385,local,"Farmer City, IL, USA"
Farmersville,IL,39.453048,-89.642718,local,"Farmersville, IL, USA"
Flora,IL,38.670337,-88.491860,local,"Flora, IL, USA"
Frankfort,IL,41.509361,-87.824774,local,"Frankfort, IL, USA"
Franklin Park,IL,41.933878,-87.873423,local,"Franklin Park, IL, USA"
Galatia,IL,37.827444,-88.623488,local,"Galatia, IL, USA"
Galesburg,IL,40.952138,-90.369807,local,"Galesburg, IL, USA"
Geneseo,IL,41.468810,-90.171127,local,"Geneseo, IL, USA"
Gilberts,IL,42.098377,-88.369089,local,"Gilberts, IL, USA"
Gilman,IL,40.767987,-87.993336,local,"Gilman, IL, USA"
Goodfield,IL,40.629722,-89.274722,local,"Goodfield, IL, USA"
Granite City,IL,38.721572,-90.115822,local,"Granite City, IL, USA"
Grant Park,IL,41.247677,-87.647992,local,"Grant Park, IL, USA"
Grayville,IL,38.262707,-88.003539,local,"Grayville, IL, USA"
Greenup,IL,39.239454,-88.144502,local,"Greenup, IL, USA"
Greenville,IL,38.893338,-89.405185,local,"Greenville, IL, USA"
Gurnee,IL,42.366906,-87.945232,local,"Gurnee, IL, USA"
Hamel,IL,38.878433,-89.872678,local,"Hamel, IL, USA"
Hampshire,IL,42.080748,-88.517033,local,"Hampshire, IL, USA"
Hanover Park,IL,41.794444,-87.808333,local,"Hanover Park, IL, USA"
Harrisburg,IL,37.725661,-88.544040,local,"Harrisburg, IL, USA"
Hartford,IL,38.829852,-90.074533,local,"Hartford, IL, USA"
Havana,IL,40.295995,-90.049520,local,"Havana, IL, USA"
Henry,IL,41.111543,-89.374328,local,"Henry, IL, USA"
Heyworth,IL,40.330700,-88.977608,local,"Heyworth, IL, USA"
HICKORY HILLS,IL,41.726228,-87.828893,local,"Hickory Hills, IL, USA"
Hillsdale,IL,41.592896,-90.226255,local,"Hillsdale, IL, USA"
Hinsdale,IL,41.789100,-87.940089,local,"Hinsdale, IL, USA"
Homer Glen,IL,41.600000,-87.938056,local,"Homer Glen, IL, USA"
Hoopeston,IL,40.463873,-87.666229,local,"Hoopeston, IL, USA"
Ina,IL,38.152743,-88.889362,local,"Ina, IL, USA"
Itasca,IL,41.971967,-88.020247,local,"Itasca, IL, USA"
Jacksonville,IL,39.729269,-90.236238,local,"Jacksonville, IL, USA"
Joliet,IL,41.527154,-88.082410,local,"Joliet, IL, USA"
Kankakee,IL,41.116582,-87.869607,local,"Kankakee, IL, USA"
Knoxville,IL,40.910672,-90.287116,local,"Knoxville, IL, USA"
La Grange,IL,41.801345,-87.875252,local,"La Grange, IL, USA"
La Salle,IL,41.344221,-89.095468,local,"La Salle, IL, USA"
Lake Zurich,IL,42.196721,-88.070299,local,"Lake Zurich, IL, USA"
Lansing,IL,41.566045,-87.544634,local,"Lansing, IL, USA"
Le Roy,IL,40.346781,-88.759813,local,"Le Roy, IL, USA"
Lemont,IL,41.695076,-88.023558,local,"Lemont, IL, USA"
Lexington,IL,40.635685,-88.806203,local,"Lexington, IL, USA"
Libertyville,IL,42.281001,-87.949955,local,"Libertyville, IL, USA"
Lincoln,IL,40.145080,-89.368376,local,"Lincoln, IL, USA"
Litchfield,IL,39.179345,-89.649915,local,"Litchfield, IL, USA"
Lockport,IL,41.613481,-88.025581,local,"Lockport, IL, USA"
Lombard,IL,41.872139,-88.015988,local,"Lombard, IL, USA"
Loves Park,IL,42.329520,-89.033521,local,"Loves Park, IL, USA"
Macomb,IL,40.461674,-90.678674,local,"Macomb, IL, USA"
Mahomet,IL,40.196437,-88.392830,local,"Mahomet, IL, USA"
Manteno,IL,41.251439,-87.846761,local,"Manteno, IL, USA"
Marion,IL,37.725662,-88.929447,local,"Marion, IL, USA"
Marshall,IL,39.421999,-87.692261,local,"Marshall, IL, USA"
Martinsville,IL,39.317443,-87.870737,local,"Martinsville, IL, USA"
Mascoutah,IL,38.490278,-89.793056,local,"Mascoutah, IL, USA"
Mattoon,IL,39.480184,-88.376152,local,"Mattoon, IL, USA"
Mc Lean,IL,40.328159,-89.164483,local,"Mc Lean, IL, USA"
Mchenry,IL,42.333400,-88.266800,local,"Mchenry, IL, USA"
Melrose Park,IL,41.900347,-87.858066,local,"Melrose Park, IL, USA"
Mendota,IL,41.544308,-89.108280,local,"Mendota, IL, USA"
Metropolis,IL,37.175348,-88.725179,local,"Metropolis, IL, USA"
Midlothian,IL,41.634106,-87.732418,local,"Midlothian, IL, USA"
Minonk,IL,40.898501,-89.034863,local,"Minonk, IL, USA"
Minooka,IL,41.461516,-88.278596,local,"Minooka, IL, USA"
Mokena,IL,41.534210,-87.891121,local,"Mokena, IL, USA"
Monee,IL,41.419133,-87.774840,local,"Monee, IL, USA"
Monmouth,IL,40.910702,-90.644828,local,"Monmouth, IL, USA"
Monroe Center,IL,42.105010,-89.016946,local,"Monroe Center, IL, USA"
Montgomery,IL,41.717742,-88.331965,local,"Montgomery, IL, USA"
Morris,IL,41.367233,-88.417769,local,"Morris, IL, USA"
Morrisonville,IL,39.415336,-89.454070,local,"Morrisonville, IL, USA"
Morton,IL,40.614771,-89.460445,local,"Morton, IL, USA"
Mount Vernon,IL,38.317014,-88.910525,local,"Mount Vernon, IL, USA"
Mulberry Grove,IL,38.931082,-89.246297,local,"Mulberry Grove, IL, USA"
Naperville,IL,41.766198,-88.141038,local,"Naperville, IL, USA"
Nashville,IL,38.335208,-89.384058,local,"Nashville, IL, USA"
New Baden,IL,38.531485,-89.692232,local,"New Baden, IL, USA"
New Berlin,IL,39.736048,-89.905721,local,"New Berlin, IL, USA"
New Lenox,IL,41.506701,-87.963083,local,"New Lenox, IL, USA"
Normal,IL,40.512446,-88.988287,local,"Normal, IL, USA"
North Chicago,IL,42.318901,-87.847819,local,"North Chicago, IL, USA"
Oakwood,IL,40.116656,-87.782500,local,"Oakwood, IL, USA"
Oglesby,IL,41.292768,-89.055341,local,"Oglesby, IL, USA"
Okawville,IL,38.431862,-89.523045,local,"Okawville, IL, USA"
Olney,IL,38.733389,-88.080936,local,"Olney, IL, USA"
Oswego,IL,41.684893,-88.345305,local,"Oswego, IL, USA"
Ottawa,IL,41.352619,-88.841589,local,"Ottawa, IL, USA"
Palatine,IL,42.125800,-88.076400,local,"Palatine, IL, USA"
Pana,IL,39.388124,-89.078165,local,"Pana, IL, USA"
Pekin,IL,40.567435,-89.624332,local,"Pekin, IL, USA"
Peoria,IL,40.685400,-89.595300,local,"Peoria, IL, USA"
Peotone,IL,41.336090,-87.789680,local,"Peotone, IL, USA"
Peru,IL,41.333021,-89.126478,local,"Peru, IL, USA"
Plainfield,IL,41.600884,-88.199391,local,"Plainfield, IL, USA"
Plano,IL,41.666987,-88.538380,local,"Plano, IL, USA"
Poplar Grove,IL,42.359365,-88.842774,local,"Poplar Grove, IL, USA"
Posen,IL,41.627660,-87.687213,local,"Posen, IL, USA"
Princeton,IL,41.362934,-89.427017,local,"Princeton, IL, USA"
Rantoul,IL,40.310742,-88.146179,local,"Rantoul, IL, USA"
Riverdale,IL,41.650300,-87.631900,local,"Riverdale, IL, USA"
Riverton,IL,39.855239,-89.541908,local,"Riverton, IL, USA"
Rochelle,IL,41.928156,-89.071035,local,"Rochelle, IL, USA"
Rockford,IL,42.292233,-89.116118,local,"Rockford, IL, USA"
Romeoville,IL,41.647500,-88.089444,local,"Romeoville, IL, USA"
Roscoe,IL,42.421659,-88.994330,local,"Roscoe, IL, USA"
Round Lake,IL,42.366809,-88.088819,local,"Round Lake, IL, USA"
Salem,IL,38.626421,-88.948077,local,"Salem, IL, USA"
Schiller Park,IL,41.956304,-87.869179,local,"Schiller Park, IL, USA"
Shannon,IL,42.161049,-89.748075,local,"Shannon, IL, USA"
South Beloit,IL,42.483672,-89.029791,local,"South Beloit, IL, USA"
South Elgin,IL,41.996868,-88.298558,local,"South Elgin, IL, USA"
South Holland,IL,41.597916,-87.593814,local,"South Holland, IL, USA"
South Pekin,IL,40.494444,-89.651667,local,"South Pekin, IL, USA"
Springfield,IL,39.800040,-89.649531,local,"Springfield, IL, USA"
Stockton,IL,42.349224,-90.020185,local,"Stockton, IL, USA"
Sugar Grove,IL,41.774113,-88.439721,local,"Sugar Grove, IL, USA"
Tilton,IL,40.096406,-87.644048,local,"Tilton, IL, USA"
Tinley Park,IL,41.596300,-87.843400,local,"Tinley Park, IL, USA"
Tonica,IL,41.232741,-89.088993,local,"Tonica, IL, USA"
Troy,IL,38.724275,-89.870848,local,"Troy, IL, USA"
Tuscola,IL,39.799509,-88.281585,local,"Tuscola, IL, USA"
University Park,IL,41.440034,-87.683377,nominatim,"University Park, Will County, Illinois, 60484, United States"
Utica,IL,41.363033,-89.000795,local,"Utica, IL, USA"
Vandalia,IL,38.943910,-89.104116,local,"Vandalia, IL, USA"
Villa Park,IL,41.879899,-87.978246,local,"Villa Park, IL, USA"
Virginia,IL,39.945475,-90.212681,local,"Virginia, IL, USA"
Wadsworth,IL,42.446032,-87.904048,local,"Wadsworth, IL, USA"
Warrenville,IL,41.828046,-88.192130,local,"Warrenville, IL, USA"
Waukegan,IL,42.363611,-87.844722,local,"Waukegan, IL, USA"
Wenona,IL,41.054846,-89.041637,local,"Wenona, IL, USA"
West Chicago,IL,41.888558,-88.202168,local,"West Chicago, IL, USA"
West Frankfort,IL,37.897914,-88.930724,local,"West Frankfort, IL, USA"
Williamsville,IL,39.930438,-89.534172,local,"Williamsville, IL, USA"
Willow Springs,IL,41.736416,-87.878588,local,"Willow Springs, IL, USA"
Wilmington,IL,41.298063,-88.130083,local,"Wilmington, IL, USA"
Winnebago,IL,42.272723,-89.237316,local,"Winnebago, IL, USA"
Wood Dale,IL,41.960171,-87.980971,local,"Wood Dale, IL, USA"
Woodhull,IL,41.184887,-90.283282,local,"Woodhull, IL, USA"
Yorkville,IL,41.638725,-88.443794,local,"Yorkville, IL, USA"
Angola,IN,41.656321,-85.019803,local,"Angola, IN, USA"
Ashley,IN,41.534651,-85.050385,local,"Ashley, IN, USA"
Austin,IN,38.747801,-85.796188,local,"Austin, IN, USA"
Bloomfield,IN,39.029542,-86.867549,local,"Bloomfield, IN, USA"
Bloomington,IN,39.140057,-86.508262,local,"Bloomington, IN, USA"
Bluffton,IN,40.736837,-85.162199,local,"Bluffton, IN, USA"
Bourbon,IN,41.309785,-86.117438,local,"Bourbon, IN, USA"
Brazil,IN,39.521041,-87.127767,local,"Brazil, IN, USA"
Bristol,IN,41.716885,-85.826192,local,"Bristol, IN, USA"
Butler,IN,41.428730,-84.878716,local,"Butler, IN, USA"
Cambridge City,IN,39.818171,-85.168455,local,"Cambridge City, IN, USA"
Carlisle,IN,38.976297,-87.366738,local,"Carlisle, IN, USA"
Chesterton,IN,41.603949,-87.050196,local,"Chesterton, IN, USA"
Cicero,IN,40.126781,-86.024844,local,"Cicero, IN, USA"
Clayton,IN,39.668154,-86.495921,local,"Clayton, IN, USA"
Cloverdale,IN,39.543442,-86.814021,local,"Cloverdale, IN, USA"
Covington,IN,40.132618,-87.381876,local,"Covington, IN, USA"
Crawfordsville,IN,40.032524,-86.907424,local,"Crawfordsville, IN, USA"
Daleville,IN,40.125738,-85.511016,local,"Daleville, IN, USA"
Danville,IN,39.762815,-86.534254,local,"Danville, IN, USA"
Decatur,IN,40.827333,-84.931432,local,"Decatur, IN, USA"
Demotte,IN,41.171319,-87.249129,local,"Demotte, IN, USA"
Dyer,IN,41.491976,-87.510803,local,"Dyer, IN, USA"
Edinburgh,IN,39.362601,-85.970712,local,"Edinburgh, IN, USA"
Elkhart,IN,41.710083,-85.972949,local,"Elkhart, IN, USA"
Evansville,IN,37.974600,-87.567400,local,"Evansville, IN, USA"
Fort Wayne,IN,41.071600,-85.136700,local,"Fort Wayne, IN, USA"
Fowler,IN,40.625511,-87.309019,local,"Fowler, IN, USA"
Frankfort,IN,40.288404,-86.511387,local,"Frankfort, IN, USA"
Fremont,IN,41.733125,-84.945247,local,"Fremont, IN, USA"
Gary,IN,41.593333,-87.346389,local,"Gary, IN, USA"
Gas City,IN,40.487895,-85.605533,local,"Gas City, IN, USA"
Gaston,IN,40.294790,-85.489842,local,"Gaston, IN, USA"
Geneva,IN,40.607129,-84.962074,local,"Geneva, IN, USA"
Georgetown,IN,38.302943,-85.961704,local,"Georgetown, IN, USA"
Goshen,IN,41.584484,-85.837988,local,"Goshen, IN, USA"
Greenfield,IN,39.790204,-85.814102,local,"Greenfield, IN, USA"
Greensburg,IN,39.331223,-85.473532,local,"Greensburg, IN, USA"
Greenwood,IN,39.622398,-86.148993,local,"Greenwood, IN, USA"
Grovertown,IN,41.321969,-86.528905,local,"Grovertown, IN, USA"
Hammond,IN,41.609929,-87.507911,local,"Hammond, IN, USA"
Hanna,IN,41.408767,-86.775922,local,"Hanna, IN, USA"
Haubstadt,IN,38.189536,-87.579827,local,"Haubstadt, IN, USA"
Hebron,IN,41.315537,-87.208791,local,"Hebron, IN, USA"
Highland,IN,41.550050,-87.456911,local,"Highland, IN, USA"
Hobart,IN,41.526281,-87.252499,local,"Hobart, IN, USA"
Howe,IN,41.728594,-85.472746,local,"Howe, IN, USA"
Huntington,IN,40.881128,-85.505438,local,"Huntington, IN, USA"
Indianapolis,IN,39.938417,-86.138940,local,"Indianapolis, IN, USA"
Jasper,IN,38.404392,-86.940787,local,"Jasper, IN, USA"
Kendallville,IN,41.448206,-85.260874,local,"Kendallville, IN, USA"
Knightstown,IN,39.806029,-85.526148,local,"Knightstown, IN, USA"
Kokomo,IN,40.498840,-86.145273,local,"Kokomo, IN, USA"
La Porte,IN,41.599438,-86.707654,local,"La Porte, IN, USA"
Lafayette,IN,40.417743,-86.888358,local,"Lafayette, IN, USA"
Lake Station,IN,41.568629,-87.262209,local,"Lake Station, IN, USA"
Lake Village,IN,41.138741,-87.445422,local,"Lake Village, IN, USA"
Lawrenceburg,IN,39.140123,-84.865819,local,"Lawrenceburg, IN, USA"
Leavenworth,IN,38.194244,-86.359862,local,"Leavenworth, IN, USA"
Lebanon,IN,40.044894,-86.464074,local,"Lebanon, IN, USA"
Logansport,IN,40.760377,-86.359888,local,"Logansport, IN, USA"
Madison,IN,38.764866,-85.407019,local,"Madison, IN, USA"
Marion,IN,40.574333,-85.674127,local,"Marion, IN, USA"
Martinsville,IN,39.447646,-86.429010,local,"Martinsville, IN, USA"
Medaryville,IN,41.089734,-86.880844,local,"Medaryville, IN, USA"
Memphis,IN,38.464181,-85.777501,local,"Memphis, IN, USA"
Merrillville,IN,41.495700,-87.350932,local,"Merrillville, IN, USA"
Michigan City,IN,41.698031,-86.869899,local,"Michigan City, IN, USA"
Middlebury,IN,41.675415,-85.711443,local,"Middlebury, IN, USA"
Mitchell,IN,38.742625,-86.476096,local,"Mitchell, IN, USA"
Monon,IN,40.861176,-86.863537,local,"Monon, IN, USA"
Mooresville,IN,39.591469,-86.364173,local,"Mooresville, IN, USA"
Muncie,IN,40.168414,-85.380689,local,"Muncie, IN, USA"
New Haven,IN,41.069856,-85.011730,local,"New Haven, IN, USA"
New Paris,IN,41.491652,-85.833830,local,"New Paris, IN, USA"
North Vernon,IN,39.001763,-85.627216,local,"North Vernon, IN, USA"
Pendleton,IN,39.979237,-85.794614,local,"Pendleton, IN, USA"
Peru,IN,40.749203,-86.068044,local,"Peru, IN, USA"
Pierceton,IN,41.212406,-85.706119,local,"Pierceton, IN, USA"
Pittsboro,IN,39.861529,-86.464548,local,"Pittsboro, IN, USA"
Plainfield,IN,39.716036,-86.395061,local,"Plainfield, IN, USA"
Plymouth,IN,41.333897,-86.324087,local,"Plymouth, IN, USA"
Portage,IN,41.567201,-87.175689,local,"Portage, IN, USA"
Remington,IN,40.766653,-87.159940,local,"Remington, IN, USA"
Rensselaer,IN,40.947731,-87.133733,local,"Rensselaer, IN, USA"
Richmond,IN,39.832440,-84.893606,local,"Richmond, IN, USA"
Rochester,IN,41.065493,-86.231007,local,"Rochester, IN, USA"
Rockport,IN,37.885803,-87.077010,local,"Rockport, IN, USA"
Rolling Prairie,IN,41.722860,-86.584092,local,"Rolling Prairie, IN, USA"
Saint Croix,IN,38.239773,-86.603511,local,"Saint Croix, IN, USA"
Saint Paul,IN,39.427747,-85.599374,local,"Saint Paul, IN, USA"
Seymour,IN,38.957133,-85.882477,local,"Seymour, IN, USA"
Shelbyville,IN,39.504340,-85.787515,local,"Shelbyville, IN, USA"
SOUTH BEND,IN,41.672699,-86.253489,local,"South Bend, IN, USA"
Spiceland,IN,39.827078,-85.445043,local,"Spiceland, IN, USA"
Straughn,IN,39.831946,-85.272406,local,"Straughn, IN, USA"
Taylorsville,IN,39.295833,-85.950833,local,"Taylorsville, IN, USA"
Terre Haute,IN,39.466700,-87.406800,local,"Terre Haute, IN, USA"
Tipton,IN,40.281725,-86.043291,local,"Tipton, IN, USA"
Valparaiso,IN,41.475661,-87.075866,local,"Valparaiso, IN, USA"
Vincennes,IN,38.673440,-87.509806,local,"Vincennes, IN, USA"
Wanatah,IN,41.384477,-86.876439,local,"Wanatah, IN, USA"
Warren,IN,40.688646,-85.418337,local,"Warren, IN, USA"
Washington,IN,38.653568,-87.170656,local,"Washington, IN, USA"
Waterloo,IN,41.440216,-85.022103,local,"Waterloo, IN, USA"
West Lafayette,IN,40.444025,-86.923661,local,"West Lafayette, IN, USA"
Westville,IN,41.536516,-86.901317,local,"Westville, IN, USA"
Whiteland,IN,39.555313,-86.093476,local,"Whiteland, IN, USA"
Whitestown,IN,40.000020,-86.350716,local,"Whitestown, IN, USA"
Winamac,IN,41.056242,-86.630697,local,"Winamac, IN, USA"
Woodburn,IN,41.136102,-84.892871,local,"Woodburn, IN, USA"
Yorktown,IN,40.183581,-85.495995,local,"Yorktown, IN, USA"
Abilene,KS,38.937144,-97.206320,local,"Abilene, KS, USA"
Alma,KS,39.009206,-96.292323,local,"Alma, KS, USA"
Atchison,KS,39.559411,-95.130408,local,"Atchison, KS, USA"
Belle Plaine,KS,37.405155,-97.285221,local,"Belle Plaine, KS, USA"
Belleville,KS,39.824054,-97.629016,local,"Belleville, KS, USA"
Beloit,KS,39.454460,-98.111714,local,"Beloit, KS, USA"
Bunker Hill,KS,38.835704,-98.678285,local,"Bunker Hill, KS, USA"
Chanute,KS,37.674928,-95.456962,local,"Chanute, KS, USA"
Cherryvale,KS,37.266828,-95.559019,local,"Cherryvale, KS, USA"
Clay Center,KS,39.384354,-97.127793,local,"Clay Center, KS, USA"
Coffeyville,KS,37.044056,-95.632756,local,"Coffeyville, KS, USA"
Colby,KS,39.383038,-101.044169,local,"Colby, KS, USA"
Concordia,KS,39.559427,-97.662735,local,"Concordia, KS, USA"
Cunningham,KS,37.666149,-98.392970,local,"Cunningham, KS, USA"
Dodge City,KS,37.756882,-100.024074,local,"Dodge City, KS, USA"
Douglass,KS,37.519510,-96.994848,local,"Douglass, KS, USA"
Edgerton,KS,38.781084,-95.009377,local,"Edgerton, KS, USA"
El Dorado,KS,37.822649,-96.854297,local,"El Dorado, KS, USA"
Ellis,KS,38.947128,-99.528510,local,"Ellis, KS, USA"
Ellsworth,KS,38.731219,-98.205678,local,"Ellsworth, KS, USA"
Emporia,KS,38.418405,-96.187145,local,"Emporia, KS, USA"
Fairview,KS,39.844504,-95.711012,local,"Fairview, KS, USA"
Florence,KS,38.241536,-96.934561,local,"Florence, KS, USA"
Fort Scott,KS,37.834159,-94.704221,local,"Fort Scott, KS, USA"
Fredonia,KS,37.525622,-95.822898,local,"Fredonia, KS, USA"
Garden City,KS,37.976930,-100.862088,local,"Garden City, KS, USA"
Gardner,KS,38.807540,-94.915675,local,"Gardner, KS, USA"
Garnett,KS,38.285907,-95.259368,local,"Garnett, KS, USA"
Goodland,KS,39.349099,-101.716396,local,"Goodland, KS, USA"
Hanover,KS,39.892660,-96.868947,local,"Hanover, KS, USA"
Hays,KS,38.878046,-99.320134,local,"Hays, KS, USA"
Hesston,KS,38.135951,-97.449458,local,"Hesston, KS, USA"
Hiawatha,KS,39.871563,-95.528905,local,"Hiawatha, KS, USA"
Holcomb,KS,37.993105,-100.989323,local,"Holcomb, KS, USA"
Hugoton,KS,37.168226,-101.334614,local,"Hugoton, KS, USA"
Iola,KS,37.928244,-95.402146,local,"Iola, KS, USA"
Johnson,KS,37.569424,-101.719354,local,"Johnson, KS, USA"
Junction City,KS,39.029913,-96.839553,local,"Junction City, KS, USA"
Kansas City,KS,39.115733,-94.627139,local,"Kansas City, KS, USA"
Lakin,KS,37.938197,-101.271297,local,"Lakin, KS, USA"
Lawrence,KS,38.964402,-95.241789,local,"Lawrence, KS, USA"
Lebo,KS,38.416085,-95.822174,local,"Lebo, KS, USA"
Lenexa,KS,38.963028,-94.739947,local,"Lenexa, KS, USA"
Leon,KS,37.681268,-96.752634,local,"Leon, KS, USA"
Liberal,KS,37.043789,-100.928570,local,"Liberal, KS, USA"
Maple Hill,KS,39.069456,-96.018727,local,"Maple Hill, KS, USA"
Marysville,KS,39.842827,-96.642183,local,"Marysville, KS, USA"
Matfield Green,KS,38.144768,-96.554105,local,"Matfield Green, KS, USA"
Mcpherson,KS,38.373732,-97.654989,local,"Mcpherson, KS, USA"
Meade,KS,37.282137,-100.336378,local,"Meade, KS, USA"
Medicine Lodge,KS,37.284452,-98.584785,local,"Medicine Lodge, KS, USA"
Moran,KS,37.934159,-95.164733,local,"Moran, KS, USA"
Mullinville,KS,37.571608,-99.463880,local,"Mullinville, KS, USA"
Newton,KS,38.045067,-97.343457,local,"Newton, KS, USA"
Norton,KS,39.840706,-99.887832,local,"Norton, KS, USA"
Oakley,KS,39.112102,-100.858048,local,"Oakley, KS, USA"
Oberlin,KS,39.827507,-100.531389,local,"Oberlin, KS, USA"
Olathe,KS,38.882200,-94.817800,local,"Olathe, KS, USA"
Ottawa,KS,38.614247,-95.274519,local,"Ottawa, KS, USA"
Overbrook,KS,38.792173,-95.561632,local,"Overbrook, KS, USA"
Parsons,KS,37.338888,-95.269288,local,"Parsons, KS, USA"
Phillipsburg,KS,39.762333,-99.332840,local,"Phillipsburg, KS, USA"
Pleasanton,KS,38.182285,-94.705670,local,"Pleasanton, KS, USA"
Powhattan,KS,39.717690,-95.675111,local,"Powhattan, KS, USA"
Pratt,KS,37.650219,-98.730030,local,"Pratt, KS, USA"
Prescott,KS,38.071802,-94.700841,local,"Prescott, KS, USA"
Russell,KS,38.880563,-98.859451,local,"Russell, KS, USA"
Sabetha,KS,39.899290,-95.811271,local,"Sabetha, KS, USA"
Saint Marys,KS,39.198674,-96.068277,local,"Saint Marys, KS, USA"
Salina,KS,38.823802,-97.608787,local,"Salina, KS, USA"
Scott City,KS,38.479940,-100.899331,local,"Scott City, KS, USA"
Seneca,KS,39.839804,-96.059489,local,"Seneca, KS, USA"
Severy,KS,37.649850,-96.229777,local,"Severy, KS, USA"
Smith Center,KS,39.804217,-98.784243,local,"Smith Center, KS, USA"
South Haven,KS,37.049997,-97.404228,local,"South Haven, KS, USA"
South Hutchinson,KS,38.007306,-97.908140,local,"South Hutchinson, KS, USA"
Spearville,KS,37.823473,-99.737041,local,"Spearville, KS, USA"
Strong City,KS,38.412920,-96.517192,local,"Strong City, KS, USA"
Sublette,KS,37.522148,-100.820775,local,"Sublette, KS, USA"
Tecumseh,KS,39.021664,-95.537926,local,"Tecumseh, KS, USA"
Tonganoxie,KS,39.102614,-95.105055,local,"Tonganoxie, KS, USA"
Topeka,KS,39.054100,-95.671900,local,"Topeka, KS, USA"
Tribune,KS,38.496219,-101.765584,local,"Tribune, KS, USA"
Ulysses,KS,37.579174,-101.348846,local,"Ulysses, KS, USA"
Wakeeney,KS,39.011415,-99.881824,local,"Wakeeney, KS, USA"
Washington,KS,39.822340,-97.048368,local,"Washington, KS, USA"
Wathena,KS,39.762505,-94.925460,local,"Wathena, KS, USA"
Wellington,KS,37.277830,-97.390976,local,"Wellington, KS, USA"
Wellsville,KS,38.713676,-95.091573,local,"Wellsville, KS, USA"
Wichita,KS,37.689800,-97.341500,local,"Wichita, KS, USA"
Albany,KY,36.685690,-85.140677,local,"Albany, KY, USA"
Ashland,KY,38.443038,-82.702709,local,"Ashland, KY, USA"
Bardstown,KY,37.808350,-85.461343,local,"Bardstown, KY, USA"
Beaver Dam,KY,37.386958,-86.872932,local,"Beaver Dam, KY, USA"
Benton,KY,36.880649,-88.354773,local,"Benton, KY, USA"
Berea,KY,37.579942,-84.274919,local,"Berea, KY, USA"
Bowling Green,KY,37.007874,-86.455891,local,"Bowling Green, KY, USA"
Calvert City,KY,37.014741,-88.381115,local,"Calvert City, KY, USA"
Campbellsville,KY,37.346618,-85.350755,local,"Campbellsville, KY, USA"
Caneyville,KY,37.422168,-86.470207,local,"Caneyville, KY, USA"
Catlettsburg,KY,38.379946,-82.632065,local,"Catlettsburg, KY, USA"
Columbia,KY,37.116408,-85.269265,local,"Columbia, KY, USA"
Corbin,KY,36.934429,-84.102080,local,"Corbin, KY, USA"
East Bernstadt,KY,37.190779,-84.145676,local,"East Bernstadt, KY, USA"
Elizabethtown,KY,37.706973,-85.858977,local,"Elizabethtown, KY, USA"
Florence,KY,38.998889,-84.626667,local,"Florence, KY, USA"
Frankfort,KY,38.192831,-84.880610,local,"Frankfort, KY, USA"
Franklin,KY,36.725353,-86.570043,local,"Franklin, KY, USA"
Georgetown,KY,38.211712,-84.556179,local,"Georgetown, KY, USA"
Glencoe,KY,38.722946,-84.811552,local,"Glencoe, KY, USA"
Glendale,KY,37.603398,-85.892101,local,"Glendale, KY, USA"
Grayson,KY,38.328037,-82.965087,local,"Grayson, KY, USA"
Greenup,KY,38.547969,-82.868396,local,"Greenup, KY, USA"
Hanson,KY,37.438246,-87.475135,local,"Hanson, KY, USA"
Henderson,KY,37.836111,-87.590000,local,"Henderson, KY, USA"
Hopkinsville,KY,36.862053,-87.485148,local,"Hopkinsville, KY, USA"
Horse Cave,KY,37.184939,-85.878549,local,"Horse Cave, KY, USA"
Isom,KY,37.196027,-82.913348,local,"Isom, KY, USA"
Kuttawa,KY,37.061871,-88.149813,local,"Kuttawa, KY, USA"
Lebanon Junction,KY,37.851054,-85.724641,local,"Lebanon Junction, KY, USA"
Lewisport,KY,37.909016,-86.895712,local,"Lewisport, KY, USA"
Lexington,KY,38.017394,-84.485423,local,"Lexington, KY, USA"
London,KY,37.101605,-84.097498,local,"London, KY, USA"
Louisville,KY,38.243500,-85.763900,local,"Louisville, KY, USA"
Madisonville,KY,37.325551,-87.495326,local,"Madisonville, KY, USA"
Mayfield,KY,36.732686,-88.650637,local,"Mayfield, KY, USA"
Maysville,KY,38.619716,-83.758858,local,"Maysville, KY, USA"
Middlesboro,KY,36.617188,-83.723079,local,"Middlesboro, KY, USA"
Morehead,KY,38.199047,-83.443645,local,"Morehead, KY, USA"
Morgantown,KY,37.191020,-86.703726,local,"Morgantown, KY, USA"
Mortons Gap,KY,37.236667,-87.475278,local,"Mortons Gap, KY, USA"
Mount Sterling,KY,38.054822,-83.938774,local,"Mount Sterling, KY, USA"
Mount Vernon,KY,37.336609,-84.354882,local,"Mount Vernon, KY, USA"
Murray,KY,36.609915,-88.303249,local,"Murray, KY, USA"
Nicholasville,KY,37.880556,-84.573056,local,"Nicholasville, KY, USA"
Oak Grove,KY,36.665225,-87.425514,local,"Oak Grove, KY, USA"
Owensboro,KY,37.751255,-87.155394,local,"Owensboro, KY, USA"
Paducah,KY,37.063377,-88.663204,local,"Paducah, KY, USA"
Pendleton,KY,38.480918,-85.317019,local,"Pendleton, KY, USA"
Richmond,KY,37.754605,-84.295526,local,"Richmond, KY, USA"
Russell Springs,KY,37.056683,-85.042873,local,"Russell Springs, KY, USA"
Russellville,KY,36.853074,-86.888708,local,"Russellville, KY, USA"
Sadieville,KY,38.390816,-84.538424,local,"Sadieville, KY, USA"
Scottsville,KY,36.761437,-86.192863,local,"Scottsville, KY, USA"
Shepherdsville,KY,38.004515,-85.688767,local,"Shepherdsville, KY, USA"
Simpsonville,KY,38.231186,-85.354797,local,"Simpsonville, KY, USA"
Smiths Grove,KY,37.058104,-86.193757,local,"Smiths Grove, KY, USA"
Somerset,KY,37.073853,-84.604362,local,"Somerset, KY, USA"
Sonora,KY,37.522070,-85.922969,local,"Sonora, KY, USA"
Sparta,KY,38.725582,-84.881334,local,"Sparta, KY, USA"
Tollesboro,KY,38.572332,-83.560458,local,"Tollesboro, KY, USA"
Vanceburg,KY,38.551511,-83.355448,local,"Vanceburg, KY, USA"
Waddy,KY,38.105445,-85.128830,local,"Waddy, KY, USA"
Walton,KY,38.887491,-84.632770,local,"Walton, KY, USA"
Williamsburg,KY,36.735535,-84.143592,local,"Williamsburg, KY, USA"
Willisburg,KY,37.837333,-85.136187,local,"Willisburg, KY, USA"
Winchester,KY,37.987161,-84.178894,local,"Winchester, KY, USA"
Alexandria,LA,31.288519,-92.463349,local,"Alexandria, LA, USA"
Amite,LA,30.718208,-90.570493,local,"Amite, LA, USA"
Arcadia,LA,32.555643,-92.924529,local,"Arcadia, LA, USA"
Baton Rouge,LA,30.450731,-91.186954,local,"Baton Rouge, LA, USA"
Belle Chasse,LA,29.834514,-90.004177,local,"Belle Chasse, LA, USA"
Belle Rose,LA,30.025955,-91.044351,local,"Belle Rose, LA, USA"
Berwick,LA,29.698786,-91.205662,local,"Berwick, LA, USA"
Bethany,LA,32.366179,-94.003394,local,"Bethany, LA, USA"
Bossier City,LA,32.544924,-93.703826,local,"Bossier City, LA, USA"
Boyce,LA,31.321601,-92.686681,local,"Boyce, LA, USA"
Breaux Bridge,LA,30.274955,-91.905899,local,"Breaux Bridge, LA, USA"
Broussard,LA,30.121890,-91.950171,local,"Broussard, LA, USA"
Bunkie,LA,30.949284,-92.182582,local,"Bunkie, LA, USA"
Calhoun,LA,32.524791,-92.329929,local,"Calhoun, LA, USA"
Chalmette,LA,29.946611,-89.961137,local,"Chalmette, LA, USA"
Convent,LA,30.055251,-90.864988,local,"Convent, LA, USA"
Coushatta,LA,32.050099,-93.315644,local,"Coushatta, LA, USA"
Crowley,LA,30.214753,-92.377709,local,"Crowley, LA, USA"
Cut Off,LA,29.523188,-90.339298,local,"Cut Off, LA, USA"
Delcambre,LA,29.947414,-91.988938,local,"Delcambre, LA, USA"
Delhi,LA,32.450433,-91.512487,local,"Delhi, LA, USA"
Delta,LA,32.325556,-90.926944,local,"Delta, LA, USA"
Denham Springs,LA,30.582100,-90.934100,local,"Denham Springs, LA, USA"
Duson,LA,30.191216,-92.152455,local,"Duson, LA, USA"
Egan,LA,30.250966,-92.500226,local,"Egan, LA, USA"
Eunice,LA,30.511580,-92.398474,local,"Eunice, LA, USA"
Farmerville,LA,32.753378,-92.317955,local,"Farmerville, LA, USA"
Franklin,LA,29.785656,-91.502643,local,"Franklin, LA, USA"
Frierson,LA,32.244968,-93.691488,local,"Frierson, LA, USA"
Galliano,LA,29.431125,-90.298054,local,"Galliano, LA, USA"
Garyville,LA,30.053520,-90.620113,local,"Garyville, LA, USA"
Gonzales,LA,30.238333,-90.920000,local,"Gonzales, LA, USA"
Gramercy,LA,30.052711,-90.690182,local,"Gramercy, LA, USA"
Grand Coteau,LA,30.419722,-92.046667,local,"Grand Coteau, LA, USA"
Gray,LA,29.690340,-90.780710,local,"Gray, LA, USA"
Greensburg,LA,30.864693,-90.725561,local,"Greensburg, LA, USA"
Greenwood,LA,32.424025,-93.969252,local,"Greenwood, LA, USA"
Grosse Tete,LA,30.387935,-91.438290,local,"Grosse Tete, LA, USA"
Hammond,LA,30.519080,-90.487856,local,"Hammond, LA, USA"
Haughton,LA,32.550732,-93.565742,local,"Haughton, LA, USA"
Hosston,LA,32.896653,-93.883425,local,"Hosston, LA, USA"
Houma,LA,29.594330,-90.754808,local,"Houma, LA, USA"
Ida,LA,32.993393,-93.902186,local,"Ida, LA, USA"
Iowa,LA,30.221937,-93.025860,local,"Iowa, LA, USA"
Jennings,LA,30.220110,-92.657405,local,"Jennings, LA, USA"
Jonesville,LA,31.636486,-91.845812,local,"Jonesville, LA, USA"
Kenner,LA,29.991203,-90.247901,local,"Kenner, LA, USA"
Kentwood,LA,30.889215,-90.472829,local,"Kentwood, LA, USA"
La Place,LA,30.077718,-90.489544,local,"La Place, LA, USA"
Lafayette,LA,30.236141,-92.008261,local,"Lafayette, LA, USA"
Lake Charles,LA,30.228453,-93.187966,local,"Lake Charles, LA, USA"
Larose,LA,29.572222,-90.381667,local,"Larose, LA, USA"
Leesville,LA,31.144292,-93.223957,local,"Leesville, LA, USA"
Livingston,LA,30.474107,-90.767339,local,"Livingston, LA, USA"
Mansfield,LA,32.023863,-93.698045,local,"Mansfield, LA, USA"
Mansura,LA,31.061466,-92.054333,local,"Mansura, LA, USA"
Marrero,LA,29.859756,-90.110462,local,"Marrero, LA, USA"
Mathews,LA,29.681982,-90.494914,local,"Mathews, LA, USA"
Minden,LA,32.632281,-93.288587,local,"Minden, LA, USA"
Monroe,LA,32.528551,-92.106104,local,"Monroe, LA, USA"
Morgan City,LA,29.723937,-91.116497,local,"Morgan City, LA, USA"
Natchitoches,LA,31.761688,-93.091572,local,"Natchitoches, LA, USA"
New Iberia,LA,30.001027,-91.819959,local,"New Iberia, LA, USA"
New Orleans,LA,29.963071,-90.160953,local,"New Orleans, LA, USA"
Oakdale,LA,30.817173,-92.663964,local,"Oakdale, LA, USA"
Opelousas,LA,30.514420,-92.089668,local,"Opelousas, LA, USA"
Pearl River,LA,30.394448,-89.773150,local,"Pearl River, LA, USA"
Plaquemine,LA,30.268414,-91.252361,local,"Plaquemine, LA, USA"
Port Allen,LA,30.471983,-91.254088,local,"Port Allen, LA, USA"
Port Barre,LA,30.547788,-91.928576,local,"Port Barre, LA, USA"
Raceland,LA,29.717835,-90.599908,local,"Raceland, LA, USA"
Rayne,LA,30.204508,-92.248592,local,"Rayne, LA, USA"
Rayville,LA,32.468938,-91.764300,local,"Rayville, LA, USA"
Reserve,LA,30.060255,-90.551773,local,"Reserve, LA, USA"
Roanoke,LA,30.318167,-92.686973,local,"Roanoke, LA, USA"
Ruston,LA,32.530823,-92.643927,local,"Ruston, LA, USA"
Saint Francisville,LA,30.858658,-91.392266,local,"Saint Francisville, LA, USA"
Saint Gabriel,LA,30.279873,-91.091620,local,"Saint Gabriel, LA, USA"
Saint James,LA,30.027598,-90.860549,local,"Saint James, LA, USA"
Saint Martinville,LA,30.208282,-91.825961,local,"Saint Martinville, LA, USA"
Saint Rose,LA,29.958074,-90.312432,local,"Saint Rose, LA, USA"
Schriever,LA,29.712276,-90.851341,local,"Schriever, LA, USA"
Shreveport,LA,32.503743,-93.748696,local,"Shreveport, LA, USA"
Slidell,LA,30.278411,-89.771192,local,"Slidell, LA, USA"
Sorrento,LA,30.185388,-90.863140,local,"Sorrento, LA, USA"
Springhill,LA,33.000540,-93.459563,local,"Springhill, LA, USA"
Starks,LA,30.308477,-93.661485,local,"Starks, LA, USA"
Sulphur,LA,30.219001,-93.363911,local,"Sulphur, LA, USA"
Tallulah,LA,32.402127,-91.190066,local,"Tallulah, LA, USA"
Thibodaux,LA,29.799213,-90.809605,local,"Thibodaux, LA, USA"
Vidalia,LA,31.578222,-91.469471,local,"Vidalia, LA, USA"
Ville Platte,LA,30.692376,-92.273710,local,"Ville Platte, LA, USA"
Vinton,LA,30.201523,-93.572808,local,"Vinton, LA, USA"
Vivian,LA,32.866844,-93.987312,local,"Vivian, LA, USA"
West Monroe,LA,32.531726,-92.175971,local,"West Monroe, LA, USA"
Westwego,LA,29.914386,-90.181305,local,"Westwego, LA, USA"
Winnfield,LA,31.921389,-92.636646,local,"Winnfield, LA, USA"
Adams,MA,42.622319,-73.117225,local,"Adams, MA, USA"
Ayer,MA,42.559140,-71.578763,local,"Ayer, MA, USA"
Berlin,MA,42.384438,-71.635634,local,"Berlin, MA, USA"
Blandford,MA,42.182949,-72.936114,local,"Blandford, MA, USA"
Boylston,MA,42.337727,-71.731042,local,"Boylston, MA, USA"
Bridgewater,MA,41.977341,-70.972340,local,"Bridgewater, MA, USA"
Charlton,MA,42.137902,-71.966384,local,"Charlton, MA, USA"
Chicopee,MA,42.162046,-72.607962,local,"Chicopee, MA, USA"
Fall River,MA,41.718221,-71.139991,local,"Fall River, MA, USA"
Framingham,MA,42.300665,-71.425486,local,"Framingham, MA, USA"
Lancaster,MA,42.450984,-71.686831,local,"Lancaster, MA, USA"
Lee,MA,42.298994,-73.231696,local,"Lee, MA, USA"
Leominster,MA,42.527440,-71.756308,local,"Leominster, MA, USA"
Lexington,MA,42.455800,-71.219300,local,"Lexington, MA, USA"
Ludlow,MA,42.172823,-72.471012,local,"Ludlow, MA, USA"
Methuen,MA,42.728019,-71.181031,local,"Methuen, MA, USA"
Millbury,MA,42.196779,-71.764438,local,"Millbury, MA, USA"
Natick,MA,42.287476,-71.357410,local,"Natick, MA, USA"
Newton Lower Falls,MA,42.329167,-71.254167,local,"Newton Lower Falls, MA, USA"
North Billerica,MA,42.575694,-71.290217,local,"North Billerica, MA, USA"
North Oxford,MA,42.165490,-71.885953,local,"North Oxford, MA, USA"
Norwood,MA,42.186843,-71.203313,local,"Norwood, MA, USA"
Orange,MA,42.591231,-72.305867,local,"Orange, MA, USA"
Peabody,MA,42.532579,-70.961194,local,"Peabody, MA, USA"
Plymouth,MA,41.910404,-70.642004,local,"Plymouth, MA, USA"
Salisbury,MA,42.850678,-70.858822,local,"Salisbury, MA, USA"
Seekonk,MA,41.837835,-71.322406,local,"Seekonk, MA, USA"
Shrewsbury,MA,42.284801,-71.720503,local,"Shrewsbury, MA, USA"
Springfield,MA,42.106000,-72.597700,local,"Springfield, MA, USA"
Sturbridge,MA,42.112619,-72.084233,local,"Sturbridge, MA, USA"
Sutton,MA,42.140586,-71.748416,local,"Sutton, MA, USA"
Uxbridge,MA,42.074426,-71.632869,local,"Uxbridge, MA, USA"
Westborough,MA,42.283000,-71.601500,local,"Westborough, MA, USA"
Westminster,MA,42.545833,-71.911111,local,"Westminster, MA, USA"
Whately,MA,42.439722,-72.635278,local,"Whately, MA, USA"
Wrentham,MA,42.061746,-71.339568,local,"Wrentham, MA, USA"
Aberdeen,MD,39.510886,-76.180540,local,"Aberdeen, MD, USA"
Accident,MD,39.635504,-79.308467,local,"Accident, MD, USA"
Baltimore,MD,39.171850,-76.648287,local,"Baltimore, MD, USA"
Beltsville,MD,39.034722,-76.907778,local,"Beltsville, MD, USA"
Big Pool,MD,39.645685,-78.010449,local,"Big Pool, MD, USA"
Bladensburg,MD,38.945215,-76.920327,local,"Bladensburg, MD, USA"
Brandywine,MD,38.692203,-76.832033,local,"Brandywine, MD, USA"
Capitol Heights,MD,38.884700,-76.910800,local,"Capitol Heights, MD, USA"
Centreville,MD,39.056423,-76.044975,local,"Centreville, MD, USA"
Clinton,MD,38.754892,-76.902577,local,"Clinton, MD, USA"
Cumberland,MD,39.650400,-78.757400,local,"Cumberland, MD, USA"
Curtis Bay,MD,39.209315,-76.569147,local,"Curtis Bay, MD, USA"
Denton,MD,38.877928,-75.836071,local,"Denton, MD, USA"
Dundalk,MD,39.264860,-76.502484,local,"Dundalk, MD, USA"
Edgewood,MD,39.427725,-76.305550,local,"Edgewood, MD, USA"
Elkridge,MD,39.212500,-76.713889,local,"Elkridge, MD, USA"
Elkton,MD,39.626434,-75.845840,local,"Elkton, MD, USA"
Emmitsburg,MD,39.694044,-77.335658,local,"Emmitsburg, MD, USA"
Frederick,MD,39.408235,-77.400875,local,"Frederick, MD, USA"
Gaithersburg,MD,39.141870,-77.188993,local,"Gaithersburg, MD, USA"
Glen Burnie,MD,39.167700,-76.595000,local,"Glen Burnie, MD, USA"
Grantsville,MD,39.684436,-79.151665,local,"Grantsville, MD, USA"
Hagerstown,MD,39.632022,-77.737215,local,"Hagerstown, MD, USA"
Hancock,MD,39.699083,-78.176246,local,"Hancock, MD, USA"
Hunt Valley,MD,39.502623,-76.659844,local,"Hunt Valley, MD, USA"
Hurlock,MD,38.642826,-75.866254,local,"Hurlock, MD, USA"
Hyattsville,MD,38.950630,-76.934652,local,"Hyattsville, MD, USA"
Jessup,MD,39.148399,-76.792239,local,"Jessup, MD, USA"
Mardela Springs,MD,38.486386,-75.741442,local,"Mardela Springs, MD, USA"
Middle River,MD,39.340098,-76.415255,local,"Middle River, MD, USA"
Millersville,MD,39.104102,-76.619020,local,"Millersville, MD, USA"
Newburg,MD,38.329782,-76.917499,local,"Newburg, MD, USA"
North East,MD,39.604535,-75.953805,local,"North East, MD, USA"
Nottingham,MD,39.391412,-76.487106,local,"Nottingham, MD, USA"
Perryville,MD,39.564894,-76.059227,local,"Perryville, MD, USA"
Rockville,MD,39.083800,-77.153000,local,"Rockville, MD, USA"
Salisbury,MD,38.362996,-75.592238,local,"Salisbury, MD, USA"
Thurmont,MD,39.606576,-77.405114,local,"Thurmont, MD, USA"
Upper Marlboro,MD,38.837717,-76.798028,local,"Upper Marlboro, MD, USA"
Waldorf,MD,38.637065,-76.877787,local,"Waldorf, MD, USA"
Walkersville,MD,39.478750,-77.348390,local,"Walkersville, MD, USA"
Westover,MD,38.100990,-75.740563,local,"Westover, MD, USA"
White Marsh,MD,39.392315,-76.413189,local,"White Marsh, MD, USA"
Williamsport,MD,39.593023,-77.808705,local,"Williamsport, MD, USA"
Auburn,ME,44.094785,-70.238978,local,"Auburn, ME, USA"
Augusta,ME,44.323228,-69.766548,local,"Augusta, ME, USA"
Baileyville,ME,45.133234,-67.417519,local,"Baileyville, ME, USA"
Bangor,ME,44.824199,-68.791839,local,"Bangor, ME, USA"
Biddeford,ME,43.483647,-70.471928,local,"Biddeford, ME, USA"
Brownville,ME,45.341229,-69.042331,local,"Brownville, ME, USA"
Canaan,ME,44.744976,-69.549777,local,"Canaan, ME, USA"
Corinna,ME,44.926045,-69.232341,local,"Corinna, ME, USA"
Corinth,ME,44.983655,-69.008532,local,"Corinth, ME, USA"
Dover Foxcroft,ME,45.187740,-69.204472,local,"Dover Foxcroft, ME, USA"
Fairfield,ME,44.609639,-69.633210,local,"Fairfield, ME, USA"
Farmington,ME,44.665339,-70.132878,local,"Farmington, ME, USA"
Greenville,ME,45.471566,-69.584376,local,"Greenville, ME, USA"
Holden,ME,44.742209,-68.648307,local,"Holden, ME, USA"
Houlton,ME,46.118850,-67.863014,local,"Houlton, ME, USA"
Kittery,ME,43.092128,-70.742876,local,"Kittery, ME, USA"
Liberty,ME,44.374085,-69.330580,local,"Liberty, ME, USA"
Lincoln,ME,45.350832,-68.507693,local,"Lincoln, ME, USA"
Medway,ME,45.607040,-68.522709,local,"Medway, ME, USA"
Newport,ME,44.839264,-69.267498,local,"Newport, ME, USA"
Portland,ME,43.660564,-70.258864,local,"Portland, ME, USA"
Princeton,ME,45.213091,-67.600826,local,"Princeton, ME, USA"
Richmond,ME,44.104213,-69.821077,local,"Richmond, ME, USA"
Scarborough,ME,43.578056,-70.322222,local,"Scarborough, ME, USA"
Sherman,ME,45.877727,-68.369587,local,"Sherman, ME, USA"
Skowhegan,ME,44.777212,-69.697571,local,"Skowhegan, ME, USA"
Turner,ME,44.255669,-70.249444,local,"Turner, ME, USA"
Warren,ME,44.127066,-69.247894,local,"Warren, ME, USA"
West Paris,ME,44.325270,-70.573167,local,"West Paris, ME, USA"
Adrian,MI,41.900516,-84.044556,local,"Adrian, MI, USA"
Albion,MI,42.258073,-84.756052,local,"Albion, MI, USA"
Alma,MI,43.380877,-84.663484,local,"Alma, MI, USA"
Battle Creek,MI,42.305300,-85.138900,local,"Battle Creek, MI, USA"
Bay City,MI,43.612165,-83.919885,local,"Bay City, MI, USA"
Belleville,MI,42.194858,-83.485425,local,"Belleville, MI, USA"
Benton Harbor,MI,42.108594,-86.423417,local,"Benton Harbor, MI, USA"
Bessemer,MI,46.480188,-90.051544,local,"Bessemer, MI, USA"
Big Rapids,MI,43.689679,-85.479705,local,"Big Rapids, MI, USA"
Bridgeport,MI,43.355309,-83.854906,local,"Bridgeport, MI, USA"
Bridgman,MI,41.936199,-86.554334,local,"Bridgman, MI, USA"
Burton,MI,43.024493,-83.606295,local,"Burton, MI, USA"
Byron Center,MI,42.801614,-85.713602,local,"Byron Center, MI, USA"
Cadillac,MI,44.250447,-85.430046,local,"Cadillac, MI, USA"
Caledonia,MI,42.796395,-85.562167,local,"Caledonia, MI, USA"
Canton,MI,42.332013,-83.469524,local,"Canton, MI, USA"
Capac,MI,43.019976,-82.925188,local,"Capac, MI, USA"
Caro,MI,43.483272,-83.383469,local,"Caro, MI, USA"
Casco,MI,42.768056,-82.670278,local,"Casco, MI, USA"
Cedar Springs,MI,43.221480,-85.545238,local,"Cedar Springs, MI, USA"
Champion,MI,46.468497,-87.830587,local,"Champion, MI, USA"
Clare,MI,43.822318,-84.763463,local,"Clare, MI, USA"
Coopersville,MI,43.060130,-85.951722,local,"Coopersville, MI, USA"
Dearborn,MI,42.305295,-83.160488,local,"Dearborn, MI, USA"
Detroit,MI,42.347429,-83.060398,local,"Detroit, MI, USA"
Dewitt,MI,42.842784,-84.579654,local,"Dewitt, MI, USA"
Dexter,MI,42.358320,-83.900028,local,"Dexter, MI, USA"
Dundee,MI,41.951435,-83.652165,local,"Dundee, MI, USA"
Eagle,MI,42.826306,-84.758971,local,"Eagle, MI, USA"
Escanaba,MI,45.765870,-87.088985,local,"Escanaba, MI, USA"
Fenton,MI,42.785098,-83.729351,local,"Fenton, MI, USA"
Flint,MI,43.023300,-83.685600,local,"Flint, MI, USA"
Fowlerville,MI,42.661438,-84.072085,local,"Fowlerville, MI, USA"
Gaylord,MI,45.027500,-84.674722,local,"Gaylord, MI, USA"
Grand Blanc,MI,42.928163,-83.626414,local,"Grand Blanc, MI, USA"
Grand Haven,MI,43.037838,-86.191227,local,"Grand Haven, MI, USA"
Grand Ledge,MI,42.752924,-84.737314,local,"Grand Ledge, MI, USA"
Grand Rapids,MI,42.970400,-85.673800,local,"Grand Rapids, MI, USA"
Grayling,MI,44.670959,-84.691321,local,"Grayling, MI, USA"
Gwinn,MI,46.291938,-87.430160,local,"Gwinn, MI, USA"
Hart,MI,43.706760,-86.314152,local,"Hart, MI, USA"
Holland,MI,42.787500,-86.108889,local,"Holland, MI, USA"
Holly,MI,42.790494,-83.612737,local,"Holly, MI, USA"
Houghton Lake,MI,44.341327,-84.742175,local,"Houghton Lake, MI, USA"
Howard City,MI,43.408326,-85.485609,local,"Howard City, MI, USA"
Hudsonville,MI,42.874805,-85.875100,local,"Hudsonville, MI, USA"
Imlay City,MI,43.042512,-83.070799,local,"Imlay City, MI, USA"
Ionia,MI,42.985920,-85.070985,local,"Ionia, MI, USA"
Iron Mountain,MI,45.821894,-88.068257,local,"Iron Mountain, MI, USA"
Ironwood,MI,46.463793,-90.158844,local,"Ironwood, MI, USA"
Ithaca,MI,43.282808,-84.608830,local,"Ithaca, MI, USA"
Jackson,MI,42.254522,-84.387476,local,"Jackson, MI, USA"
Kalamazoo,MI,42.273565,-85.545653,local,"Kalamazoo, MI, USA"
Lake Odessa,MI,42.786335,-85.135667,local,"Lake Odessa, MI, USA"
Lansing,MI,42.733500,-84.639100,local,"Lansing, MI, USA"
Lapeer,MI,43.057879,-83.333153,local,"Lapeer, MI, USA"
Lennon,MI,42.969323,-83.927908,local,"Lennon, MI, USA"
Lincoln Park,MI,42.242211,-83.180688,local,"Lincoln Park, MI, USA"
Livonia,MI,42.361503,-83.364940,local,"Livonia, MI, USA"
Lowell,MI,42.954970,-85.365305,local,"Lowell, MI, USA"
Luna Pier,MI,41.815368,-83.436165,local,"Luna Pier, MI, USA"
Manistique,MI,45.982978,-86.275513,local,"Manistique, MI, USA"
Marlette,MI,43.339882,-83.057253,local,"Marlette, MI, USA"
Marquette,MI,46.531240,-87.389443,local,"Marquette, MI, USA"
Marshall,MI,42.272047,-84.958280,local,"Marshall, MI, USA"
Mattawan,MI,42.245069,-85.794281,local,"Mattawan, MI, USA"
Memphis,MI,42.905955,-82.769623,local,"Memphis, MI, USA"
Middleton,MI,43.168911,-84.755221,local,"Middleton, MI, USA"
Milan,MI,42.091373,-83.677636,local,"Milan, MI, USA"
Monroe,MI,41.927510,-83.404848,local,"Monroe, MI, USA"
Mount Morris,MI,43.116010,-83.689523,local,"Mount Morris, MI, USA"
Mount Pleasant,MI,43.602500,-84.775200,local,"Mount Pleasant, MI, USA"
Muskegon,MI,43.232589,-86.249191,local,"Muskegon, MI, USA"
New Baltimore,MI,42.675344,-82.780102,local,"New Baltimore, MI, USA"
New Boston,MI,42.144899,-83.358855,local,"New Boston, MI, USA"
Newberry,MI,46.343763,-85.514951,local,"Newberry, MI, USA"
Newport,MI,41.976582,-83.280438,local,"Newport, MI, USA"
Niles,MI,41.820168,-86.236789,local,"Niles, MI, USA"
Ottawa Lake,MI,41.768276,-83.685559,local,"Ottawa Lake, MI, USA"
Parma,MI,42.273879,-84.599886,local,"Parma, MI, USA"
Paw Paw,MI,42.234931,-85.900488,local,"Paw Paw, MI, USA"
Perry,MI,42.820012,-84.231346,local,"Perry, MI, USA"
Pinconning,MI,43.849079,-84.008162,local,"Pinconning, MI, USA"
Port Huron,MI,42.995843,-82.459938,local,"Port Huron, MI, USA"
Portland,MI,42.862414,-84.913933,local,"Portland, MI, USA"
Rapid River,MI,45.910662,-86.884490,local,"Rapid River, MI, USA"
Redford,MI,42.375554,-83.288950,local,"Redford, MI, USA"
Reed City,MI,43.886808,-85.513028,local,"Reed City, MI, USA"
Riverview,MI,42.173299,-83.213094,local,"Riverview, MI, USA"
Rockford,MI,43.115217,-85.513606,local,"Rockford, MI, USA"
Romulus,MI,42.220304,-83.358288,local,"Romulus, MI, USA"
Roseville,MI,42.503423,-82.938680,local,"Roseville, MI, USA"
Saginaw,MI,43.404692,-83.915626,local,"Saginaw, MI, USA"
Saint Clair,MI,42.825453,-82.513256,local,"Saint Clair, MI, USA"
Saint Ignace,MI,45.921527,-84.709409,local,"Saint Ignace, MI, USA"
Sault Sainte Marie,MI,46.473932,-84.346746,local,"Sault Sainte Marie, MI, USA"
Sawyer,MI,41.882866,-86.588508,local,"Sawyer, MI, USA"
Scottville,MI,43.976692,-86.315615,local,"Scottville, MI, USA"
Smiths Creek,MI,42.922072,-82.574516,local,"Smiths Creek, MI, USA"
Stephenson,MI,45.416594,-87.625790,local,"Stephenson, MI, USA"
Taylor,MI,42.231738,-83.267269,local,"Taylor, MI, USA"
Tekonsha,MI,42.086326,-84.992602,local,"Tekonsha, MI, USA"
Three Rivers,MI,41.959598,-85.637125,local,"Three Rivers, MI, USA"
Traverse City,MI,44.743650,-85.618869,local,"Traverse City, MI, USA"
Trenton,MI,42.134304,-83.218142,local,"Trenton, MI, USA"
Wakefield,MI,46.475184,-89.942446,local,"Wakefield, MI, USA"
Warren,MI,42.515900,-82.982400,local,"Warren, MI, USA"
Wayland,MI,42.664268,-85.619112,local,"Wayland, MI, USA"
Wellston,MI,44.213266,-85.955475,local,"Wellston, MI, USA"
West Branch,MI,44.279032,-84.228623,local,"West Branch, MI, USA"
White Pigeon,MI,41.792891,-85.675010,local,"White Pigeon, MI, USA"
Whitmore Lake,MI,42.428904,-83.782820,local,"Whitmore Lake, MI, USA"
Wixom,MI,42.534037,-83.528486,local,"Wixom, MI, USA"
Wyoming,MI,42.900867,-85.705775,local,"Wyoming, MI, USA"
Adrian,MN,43.619683,-95.927261,local,"Adrian, MN, USA"
Albert Lea,MN,43.653678,-93.370672,local,"Albert Lea, MN, USA"
Alden,MN,43.646586,-93.582307,local,"Alden, MN, USA"
Alexandria,MN,45.881747,-95.381994,local,"Alexandria, MN, USA"
Andover,MN,45.250680,-93.284531,local,"Andover, MN, USA"
Anoka,MN,45.238537,-93.407822,local,"Anoka, MN, USA"
Appleton,MN,45.205430,-95.994872,local,"Appleton, MN, USA"
Austin,MN,43.669538,-92.978374,local,"Austin, MN, USA"
Belle Plaine,MN,44.613852,-93.760394,local,"Belle Plaine, MN, USA"
Bemidji,MN,47.488071,-94.848809,local,"Bemidji, MN, USA"
Blue Earth,MN,43.639426,-94.092379,local,"Blue Earth, MN, USA"
Brainerd,MN,46.357219,-94.201873,local,"Brainerd, MN, USA"
Buffalo,MN,45.181371,-93.863479,local,"Buffalo, MN, USA"
Byron,MN,44.037333,-92.630753,local,"Byron, MN, USA"
Caledonia,MN,43.622079,-91.483657,local,"Caledonia, MN, USA"
Cambridge,MN,45.557591,-93.288935,local,"Cambridge, MN, USA"
Carlton,MN,46.648400,-92.470984,local,"Carlton, MN, USA"
Chatfield,MN,43.836201,-92.157351,local,"Chatfield, MN, USA"
Chisago City,MN,45.361144,-92.892134,local,"Chisago City, MN, USA"
Circle Pines,MN,45.152841,-93.143984,local,"Circle Pines, MN, USA"
Clara City,MN,44.963912,-95.349902,local,"Clara City, MN, USA"
Clearwater,MN,45.387694,-94.045246,local,"Clearwater, MN, USA"
Cloquet,MN,46.726041,-92.452820,local,"Cloquet, MN, USA"
Cohasset,MN,47.269112,-93.639154,local,"Cohasset, MN, USA"
Cokato,MN,45.074761,-94.191054,local,"Cokato, MN, USA"
Dakota,MN,43.914806,-91.394040,local,"Dakota, MN, USA"
Delano,MN,45.034222,-93.801644,local,"Delano, MN, USA"
Detroit Lakes,MN,46.834877,-95.800606,local,"Detroit Lakes, MN, USA"
Duluth,MN,47.094431,-91.846731,local,"Duluth, MN, USA"
DUNDAS,MN,44.395537,-93.203690,local,"Dundas, MN, USA"
Elk River,MN,45.313601,-93.581400,local,"Elk River, MN, USA"
Ellendale,MN,43.882591,-93.319492,local,"Ellendale, MN, USA"
Erskine,MN,47.661817,-96.012173,local,"Erskine, MN, USA"
Eyota,MN,44.004294,-92.244068,local,"Eyota, MN, USA"
Fairmont,MN,43.637592,-94.450950,local,"Fairmont, MN, USA"
Faribault,MN,44.294457,-93.281790,local,"Faribault, MN, USA"
Fergus Falls,MN,46.289723,-96.064338,local,"Fergus Falls, MN, USA"
Forest Lake,MN,45.268499,-92.974894,local,"Forest Lake, MN, USA"
Gaylord,MN,44.546298,-94.195543,local,"Gaylord, MN, USA"
Glencoe,MN,44.778001,-94.161554,local,"Glencoe, MN, USA"
Glyndon,MN,46.882023,-96.558338,local,"Glyndon, MN, USA"
Hastings,MN,44.718932,-92.862566,local,"Hastings, MN, USA"
Heron Lake,MN,43.797880,-95.326736,local,"Heron Lake, MN, USA"
Hinckley,MN,46.018876,-92.899333,local,"Hinckley, MN, USA"
Hugo,MN,45.162800,-93.003493,local,"Hugo, MN, USA"
Hutchinson,MN,44.894554,-94.384691,local,"Hutchinson, MN, USA"
International Falls,MN,48.583398,-93.406090,local,"International Falls, MN, USA"
Inver Grove Heights,MN,44.841966,-93.034746,local,"Inver Grove Heights, MN, USA"
Isanti,MN,45.468212,-93.226565,local,"Isanti, MN, USA"
Ivanhoe,MN,44.507119,-96.226059,local,"Ivanhoe, MN, USA"
Jackson,MN,43.645732,-94.993827,local,"Jackson, MN, USA"
Janesville,MN,44.116778,-93.709462,local,"Janesville, MN, USA"
Kasson,MN,44.024029,-92.746420,local,"Kasson, MN, USA"
Kimball,MN,45.343584,-94.302837,local,"Kimball, MN, USA"
Lake City,MN,44.430493,-92.283778,local,"Lake City, MN, USA"
Lake Park,MN,46.817623,-96.067047,local,"Lake Park, MN, USA"
Lakeville,MN,44.674865,-93.257802,local,"Lakeville, MN, USA"
Little Falls,MN,45.981080,-94.360428,local,"Little Falls, MN, USA"
Luverne,MN,43.661366,-96.221562,local,"Luverne, MN, USA"
Mankato,MN,44.153809,-93.996044,local,"Mankato, MN, USA"
Melrose,MN,45.658183,-94.819768,local,"Melrose, MN, USA"
Milaca,MN,45.779481,-93.645266,local,"Milaca, MN, USA"
Minneapolis,MN,45.049582,-93.246095,local,"Minneapolis, MN, USA"
Minnesota City,MN,44.083222,-91.741808,local,"Minnesota City, MN, USA"
Moose Lake,MN,46.447240,-92.746648,local,"Moose Lake, MN, USA"
Mora,MN,45.895786,-93.294234,local,"Mora, MN, USA"
Motley,MN,46.321568,-94.628086,local,"Motley, MN, USA"
Mountain Lake,MN,43.938998,-94.927313,local,"Mountain Lake, MN, USA"
New Prague,MN,44.540239,-93.580473,local,"New Prague, MN, USA"
New Ulm,MN,44.304378,-94.464421,local,"New Ulm, MN, USA"
New York Mills,MN,46.555867,-95.404717,local,"New York Mills, MN, USA"
North Branch,MN,45.516479,-92.937097,local,"North Branch, MN, USA"
Northfield,MN,44.458724,-93.166826,local,"Northfield, MN, USA"
Norwood Young America,MN,44.766786,-93.930067,local,"Norwood Young America, MN, USA"
Ogilvie,MN,45.847632,-93.435921,local,"Ogilvie, MN, USA"
Oronoco,MN,44.148861,-92.484960,local,"Oronoco, MN, USA"
Ortonville,MN,45.329621,-96.459650,local,"Ortonville, MN, USA"
Owatonna,MN,44.080478,-93.219140,local,"Owatonna, MN, USA"
Park Rapids,MN,46.937682,-95.038299,local,"Park Rapids, MN, USA"
Paynesville,MN,45.398798,-94.715709,local,"Paynesville, MN, USA"
Perham,MN,46.603106,-95.581763,local,"Perham, MN, USA"
Pillager,MN,46.398395,-94.392287,local,"Pillager, MN, USA"
Pine City,MN,45.832273,-92.982604,local,"Pine City, MN, USA"
Pipestone,MN,44.009516,-96.322762,local,"Pipestone, MN, USA"
Plainview,MN,44.163730,-92.162125,local,"Plainview, MN, USA"
Princeton,MN,45.585115,-93.596143,local,"Princeton, MN, USA"
Randall,MN,46.073361,-94.500543,local,"Randall, MN, USA"
Red Wing,MN,44.552779,-92.548559,local,"Red Wing, MN, USA"
Redwood Falls,MN,44.531753,-95.107130,local,"Redwood Falls, MN, USA"
Rochester,MN,44.049572,-92.489620,local,"Rochester, MN, USA"
Rogers,MN,45.171484,-93.581445,local,"Rogers, MN, USA"
Roseau,MN,48.826809,-95.756709,local,"Roseau, MN, USA"
Rothsay,MN,46.509412,-96.288726,local,"Rothsay, MN, USA"
Rush City,MN,45.684496,-92.997876,local,"Rush City, MN, USA"
Rushford,MN,43.821626,-91.753650,local,"Rushford, MN, USA"
Saint Charles,MN,43.958481,-92.051738,local,"Saint Charles, MN, USA"
Saint Cloud,MN,45.552113,-94.128447,local,"Saint Cloud, MN, USA"
Saint James,MN,43.987519,-94.622935,local,"Saint James, MN, USA"
Saint Joseph,MN,45.565124,-94.336688,local,"Saint Joseph, MN, USA"
Saint Michael,MN,45.206409,-93.659253,local,"Saint Michael, MN, USA"
Saint Paul,MN,44.902691,-93.096435,local,"Saint Paul, MN, USA"
Saint Peter,MN,44.335107,-93.981061,local,"Saint Peter, MN, USA"
Sauk Centre,MN,45.728079,-94.968166,local,"Sauk Centre, MN, USA"
Sauk Rapids,MN,45.604032,-94.159088,local,"Sauk Rapids, MN, USA"
Savage,MN,44.761547,-93.343445,local,"Savage, MN, USA"
Shakopee,MN,44.779300,-93.519748,local,"Shakopee, MN, USA"
Sherburn,MN,43.661089,-94.726877,local,"Sherburn, MN, USA"
Slayton,MN,43.985596,-95.755448,local,"Slayton, MN, USA"
Sleepy Eye,MN,44.282089,-94.727251,local,"Sleepy Eye, MN, USA"
South Saint Paul,MN,44.888128,-93.046013,local,"South Saint Paul, MN, USA"
Stacy,MN,45.398056,-92.987222,local,"Stacy, MN, USA"
Stewart,MN,44.725928,-94.451572,local,"Stewart, MN, USA"
Stewartville,MN,43.867345,-92.454654,local,"Stewartville, MN, USA"
Stillwater,MN,45.050007,-92.830032,local,"Stillwater, MN, USA"
Thief River Falls,MN,48.110391,-96.167019,local,"Thief River Falls, MN, USA"
Truman,MN,43.820008,-94.431862,local,"Truman, MN, USA"
Two Harbors,MN,47.039364,-91.678264,local,"Two Harbors, MN, USA"
Waconia,MN,44.851029,-93.778400,local,"Waconia, MN, USA"
Waite Park,MN,45.549720,-94.224481,local,"Waite Park, MN, USA"
Wanamingo,MN,44.312140,-92.810258,local,"Wanamingo, MN, USA"
Willmar,MN,45.139264,-95.052315,local,"Willmar, MN, USA"
Windom,MN,43.879022,-95.151531,local,"Windom, MN, USA"
Worthington,MN,43.628626,-95.605907,local,"Worthington, MN, USA"
Zumbrota,MN,44.303179,-92.671863,local,"Zumbrota, MN, USA"
Alexandria,MO,40.344514,-91.515437,local,"Alexandria, MO, USA"
Aurora,MO,36.947661,-93.712380,local,"Aurora, MO, USA"
Barnhart,MO,38.338425,-90.414170,local,"Barnhart, MO, USA"
Bates City,MO,39.021887,-94.079840,local,"Bates City, MO, USA"
Bethany,MO,40.260055,-94.018863,local,"Bethany, MO, USA"
Bevier,MO,39.749707,-92.561925,local,"Bevier, MO, USA"
Bloomsdale,MO,38.045112,-90.280548,local,"Bloomsdale, MO, USA"
Bois D Arc,MO,37.221417,-93.544722,local,"Bois D Arc, MO, USA"
Bolivar,MO,37.608502,-93.412631,local,"Bolivar, MO, USA"
Boonville,MO,38.953640,-92.744973,local,"Boonville, MO, USA"
Bowling Green,MO,39.334639,-91.196232,local,"Bowling Green, MO, USA"
Bridgeton,MO,38.750627,-90.416101,local,"Bridgeton, MO, USA"
Brookfield,MO,39.784612,-93.071948,local,"Brookfield, MO, USA"
Cabool,MO,37.131366,-92.114409,local,"Cabool, MO, USA"
California,MO,38.622369,-92.545558,local,"California, MO, USA"
Cameron,MO,39.730892,-94.243723,local,"Cameron, MO, USA"
Canton,MO,40.143695,-91.547987,local,"Canton, MO, USA"
Cardwell,MO,36.043450,-90.290696,local,"Cardwell, MO, USA"
Carthage,MO,37.159686,-94.311232,local,"Carthage, MO, USA"
Center,MO,39.515397,-91.539842,local,"Center, MO, USA"
Charleston,MO,36.921341,-89.334207,local,"Charleston, MO, USA"
Chillicothe,MO,39.796569,-93.550887,local,"Chillicothe, MO, USA"
Clinton,MO,38.368811,-93.758906,local,"Clinton, MO, USA"
Collins,MO,37.880998,-93.660849,local,"Collins, MO, USA"
Columbia,MO,38.938176,-92.304865,local,"Columbia, MO, USA"
Concordia,MO,38.977553,-93.581205,local,"Concordia, MO, USA"
Cuba,MO,38.092553,-91.408140,local,"Cuba, MO, USA"
Dearborn,MO,39.517248,-94.766368,local,"Dearborn, MO, USA"
Deerfield,MO,37.821090,-94.484845,local,"Deerfield, MO, USA"
Dexter,MO,36.788458,-89.963933,local,"Dexter, MO, USA"
Eagleville,MO,40.491197,-93.995058,local,"Eagleville, MO, USA"
Eldon,MO,38.340127,-92.573619,local,"Eldon, MO, USA"
Ellsinore,MO,36.945263,-90.748530,local,"Ellsinore, MO, USA"
Eolia,MO,39.243097,-91.009322,local,"Eolia, MO, USA"
Fair Grove,MO,37.372143,-93.142824,local,"Fair Grove, MO, USA"
Faucett,MO,39.589124,-94.791276,local,"Faucett, MO, USA"
Fenton,MO,38.501489,-90.468299,local,"Fenton, MO, USA"
Forest City,MO,39.989708,-95.191594,local,"Forest City, MO, USA"
Foristell,MO,38.762557,-90.934328,local,"Foristell, MO, USA"
Fredericktown,MO,37.543716,-90.310527,local,"Fredericktown, MO, USA"
Fulton,MO,38.851821,-91.960550,local,"Fulton, MO, USA"
Gallatin,MO,39.902486,-93.978748,local,"Gallatin, MO, USA"
Glasgow,MO,39.225736,-92.831812,local,"Glasgow, MO, USA"
Grain Valley,MO,39.027361,-94.208740,local,"Grain Valley, MO, USA"
Grandview,MO,38.881936,-94.520542,local,"Grandview, MO, USA"
Hamilton,MO,39.736412,-93.990898,local,"Hamilton, MO, USA"
Hannibal,MO,39.706360,-91.383870,local,"Hannibal, MO, USA"
Harrisonville,MO,38.641930,-94.328520,local,"Harrisonville, MO, USA"
Hayti,MO,36.239475,-89.751607,local,"Hayti, MO, USA"
Hazelwood,MO,38.780875,-90.366925,local,"Hazelwood, MO, USA"
Herculaneum,MO,38.260087,-90.387095,local,"Herculaneum, MO, USA"
Higginsville,MO,39.070504,-93.713265,local,"Higginsville, MO, USA"
Holt,MO,39.428867,-94.368876,local,"Holt, MO, USA"
Jackson,MO,37.387885,-89.651939,local,"Jackson, MO, USA"
Jamestown,MO,38.779292,-92.480651,local,"Jamestown, MO, USA"
Jasper,MO,37.318224,-94.273126,local,"Jasper, MO, USA"
Jefferson City,MO,38.546212,-92.152462,local,"Jefferson City, MO, USA"
Jonesburg,MO,38.871658,-91.301930,local,"Jonesburg, MO, USA"
Joplin,MO,37.096858,-94.505144,local,"Joplin, MO, USA"
Kansas City,MO,39.163189,-94.569882,local,"Kansas City, MO, USA"
Kearney,MO,39.365175,-94.362104,local,"Kearney, MO, USA"
King City,MO,40.065184,-94.523412,local,"King City, MO, USA"
Kingdom City,MO,38.955080,-91.952008,local,"Kingdom City, MO, USA"
Koshkonong,MO,36.605553,-91.630411,local,"Koshkonong, MO, USA"
La Plata,MO,40.020831,-92.507669,local,"La Plata, MO, USA"
Laddonia,MO,39.259328,-91.689348,local,"Laddonia, MO, USA"
Lamar,MO,37.500221,-94.270253,local,"Lamar, MO, USA"
Lancaster,MO,40.525265,-92.526403,local,"Lancaster, MO, USA"
Lathrop,MO,39.517727,-94.309271,local,"Lathrop, MO, USA"
Lebanon,MO,37.685049,-92.655029,local,"Lebanon, MO, USA"
Liberty,MO,39.241916,-94.433664,local,"Liberty, MO, USA"
Louisiana,MO,39.433590,-91.066385,local,"Louisiana, MO, USA"
Lowry City,MO,38.140443,-93.711352,local,"Lowry City, MO, USA"
Macon,MO,39.748089,-92.462163,local,"Macon, MO, USA"
Malta Bend,MO,39.195108,-93.381325,local,"Malta Bend, MO, USA"
Mansfield,MO,37.127300,-92.593553,local,"Mansfield, MO, USA"
Marston,MO,36.508448,-89.628819,local,"Marston, MO, USA"
Maryville,MO,40.343399,-94.873479,local,"Maryville, MO, USA"
Matthews,MO,36.807528,-89.576833,local,"Matthews, MO, USA"
Mexico,MO,39.171233,-91.889473,local,"Mexico, MO, USA"
Milan,MO,40.184435,-93.136149,local,"Milan, MO, USA"
Mineral Point,MO,37.915555,-90.719324,local,"Mineral Point, MO, USA"
Moberly,MO,39.420239,-92.435793,local,"Moberly, MO, USA"
Monett,MO,36.921242,-93.925766,local,"Monett, MO, USA"
Mound City,MO,40.136238,-95.213837,local,"Mound City, MO, USA"
Mount Vernon,MO,37.104466,-93.797632,local,"Mount Vernon, MO, USA"
Mountain View,MO,36.989197,-91.709937,local,"Mountain View, MO, USA"
Neelyville,MO,36.571005,-90.499491,local,"Neelyville, MO, USA"
Nelson,MO,39.010447,-93.031102,local,"Nelson, MO, USA"
Neosho,MO,36.870634,-94.386218,local,"Neosho, MO, USA"
Nevada,MO,37.840853,-94.357127,local,"Nevada, MO, USA"
New Florence,MO,38.902309,-91.490861,local,"New Florence, MO, USA"
New London,MO,39.591672,-91.395990,local,"New London, MO, USA"
New Madrid,MO,36.607284,-89.536645,local,"New Madrid, MO, USA"
Newburg,MO,37.900778,-91.880683,local,"Newburg, MO, USA"
Norwood,MO,37.068696,-92.408209,local,"Norwood, MO, USA"
Oak Grove,MO,38.998456,-94.139946,local,"Oak Grove, MO, USA"
Owensville,MO,38.351119,-91.486679,local,"Owensville, MO, USA"
Ozark,MO,37.016926,-93.202211,local,"Ozark, MO, USA"
Pacific,MO,38.492168,-90.747968,local,"Pacific, MO, USA"
Palmyra,MO,39.791309,-91.536817,local,"Palmyra, MO, USA"
Park Hills,MO,37.855550,-90.527350,local,"Park Hills, MO, USA"
Peculiar,MO,38.716453,-94.440530,local,"Peculiar, MO, USA"
Perryville,MO,37.717437,-89.873664,local,"Perryville, MO, USA"
Pevely,MO,38.279911,-90.411075,local,"Pevely, MO, USA"
Platte City,MO,39.360171,-94.788972,local,"Platte City, MO, USA"
Poplar Bluff,MO,36.766235,-90.416647,local,"Poplar Bluff, MO, USA"
Purdy,MO,36.806917,-93.916376,local,"Purdy, MO, USA"
Queen City,MO,40.415175,-92.566263,local,"Queen City, MO, USA"
Qulin,MO,36.581769,-90.261674,local,"Qulin, MO, USA"
Republic,MO,37.123017,-93.480041,local,"Republic, MO, USA"
Rich Hill,MO,38.094380,-94.363454,local,"Rich Hill, MO, USA"
Richland,MO,37.852752,-92.396245,local,"Richland, MO, USA"
Ridgedale,MO,36.524662,-93.277808,local,"Ridgedale, MO, USA"
Rock Port,MO,40.430581,-95.527403,local,"Rock Port, MO, USA"
Rogersville,MO,37.131047,-93.096449,local,"Rogersville, MO, USA"
Rolla,MO,37.948527,-91.760348,local,"Rolla, MO, USA"
Saint Charles,MO,38.801424,-90.506503,local,"Saint Charles, MO, USA"
Saint James,MO,38.005622,-91.607565,local,"Saint James, MO, USA"
Saint Joseph,MO,39.768755,-94.838488,local,"Saint Joseph, MO, USA"
Saint Louis,MO,38.642574,-90.324189,local,"Saint Louis, MO, USA"
Saint Peters,MO,38.780240,-90.622765,local,"Saint Peters, MO, USA"
Saint Robert,MO,37.828056,-92.177500,local,"Saint Robert, MO, USA"
Sainte Genevieve,MO,37.950356,-90.096040,local,"Sainte Genevieve, MO, USA"
Salem,MO,37.616952,-91.525809,local,"Salem, MO, USA"
Sarcoxie,MO,37.072382,-94.115140,local,"Sarcoxie, MO, USA"
Savannah,MO,39.916774,-94.826733,local,"Savannah, MO, USA"
Scott City,MO,37.207710,-89.518081,local,"Scott City, MO, USA"
Sedalia,MO,38.696076,-93.232268,local,"Sedalia, MO, USA"
Seymour,MO,37.166726,-92.785659,local,"Seymour, MO, USA"
Shelbina,MO,39.694718,-92.037060,local,"Shelbina, MO, USA"
Sikeston,MO,36.891111,-89.581970,local,"Sikeston, MO, USA"
Slater,MO,39.216273,-93.054674,local,"Slater, MO, USA"
Springfield,MO,37.215200,-93.295000,local,"Springfield, MO, USA"
Steele,MO,36.091528,-89.834585,local,"Steele, MO, USA"
Strafford,MO,37.279718,-93.106630,local,"Strafford, MO, USA"
Sullivan,MO,38.230706,-91.156662,local,"Sullivan, MO, USA"
Tarkio,MO,40.441841,-95.378586,local,"Tarkio, MO, USA"
Taylor,MO,39.914486,-91.527834,local,"Taylor, MO, USA"
Trenton,MO,40.082335,-93.608634,local,"Trenton, MO, USA"
Unionville,MO,40.481464,-92.995094,local,"Unionville, MO, USA"
Villa Ridge,MO,38.460108,-90.882198,local,"Villa Ridge, MO, USA"
Warrensburg,MO,38.766695,-93.727341,local,"Warrensburg, MO, USA"
Warrenton,MO,38.805042,-91.174047,local,"Warrenton, MO, USA"
Wayland,MO,40.442574,-91.607864,local,"Wayland, MO, USA"
Waynesville,MO,37.817515,-92.198944,local,"Waynesville, MO, USA"
West Plains,MO,36.728418,-91.871681,local,"West Plains, MO, USA"
Willow Springs,MO,36.995812,-91.940545,local,"Willow Springs, MO, USA"
Windsor,MO,38.527190,-93.526864,local,"Windsor, MO, USA"
Winston,MO,39.849950,-94.148747,local,"Winston, MO, USA"
Batesville,MS,34.331651,-89.914180,local,"Batesville, MS, USA"
Beaumont,MS,31.136763,-88.905492,local,"Beaumont, MS, USA"
Belden,MS,34.278663,-88.816011,local,"Belden, MS, USA"
Biloxi,MS,30.403478,-88.897143,local,"Biloxi, MS, USA"
Brookhaven,MS,31.585810,-90.451995,local,"Brookhaven, MS, USA"
Buckatunna,MS,31.507976,-88.525730,local,"Buckatunna, MS, USA"
Byhalia,MS,34.885351,-89.676332,local,"Byhalia, MS, USA"
Byram,MS,32.193200,-90.270800,local,"Byram, MS, USA"
Canton,MS,32.620543,-90.006079,local,"Canton, MS, USA"
Carthage,MS,32.788635,-89.535274,local,"Carthage, MS, USA"
Cleveland,MS,33.743002,-90.730871,local,"Cleveland, MS, USA"
Coldwater,MS,34.692362,-89.986882,local,"Coldwater, MS, USA"
Collins,MS,31.670712,-89.543809,local,"Collins, MS, USA"
Columbia,MS,31.255877,-89.799785,local,"Columbia, MS, USA"
Columbus,MS,33.537699,-88.426194,local,"Columbus, MS, USA"
Como,MS,34.513728,-89.915508,local,"Como, MS, USA"
Corinth,MS,34.932360,-88.543884,local,"Corinth, MS, USA"
Ecru,MS,34.337106,-88.955956,local,"Ecru, MS, USA"
Ellisville,MS,31.579663,-89.223073,local,"Ellisville, MS, USA"
Florence,MS,32.153002,-90.121672,local,"Florence, MS, USA"
Flowood,MS,32.316500,-90.110500,local,"Flowood, MS, USA"
Forest,MS,32.346999,-89.467201,local,"Forest, MS, USA"
Greenville,MS,33.378737,-91.046793,local,"Greenville, MS, USA"
Greenwood,MS,33.515884,-90.172589,local,"Greenwood, MS, USA"
Grenada,MS,33.775094,-89.808738,local,"Grenada, MS, USA"
Gulfport,MS,30.382556,-89.097618,local,"Gulfport, MS, USA"
Guntown,MS,34.429882,-88.701059,local,"Guntown, MS, USA"
Hattiesburg,MS,31.314553,-89.306471,local,"Hattiesburg, MS, USA"
Heidelberg,MS,31.882031,-88.998052,local,"Heidelberg, MS, USA"
Holly Springs,MS,34.768700,-89.448300,local,"Holly Springs, MS, USA"
Houston,MS,33.902554,-88.967005,local,"Houston, MS, USA"
Indianola,MS,33.449075,-90.654144,local,"Indianola, MS, USA"
Jackson,MS,32.293502,-90.186655,local,"Jackson, MS, USA"
Kosciusko,MS,33.044600,-89.572351,local,"Kosciusko, MS, USA"
Lake,MS,32.345909,-89.341354,local,"Lake, MS, USA"
Lauderdale,MS,32.502186,-88.495569,local,"Lauderdale, MS, USA"
Laurel,MS,31.705444,-89.131155,local,"Laurel, MS, USA"
Lawrence,MS,32.287614,-89.272432,local,"Lawrence, MS, USA"
Leland,MS,33.410025,-90.892801,local,"Leland, MS, USA"
Louisville,MS,33.105824,-89.028653,local,"Louisville, MS, USA"
Lucedale,MS,30.866722,-88.593391,local,"Lucedale, MS, USA"
Lyon,MS,34.247369,-90.498147,local,"Lyon, MS, USA"
Madison,MS,32.467065,-90.108744,local,"Madison, MS, USA"
Magee,MS,31.849513,-89.750325,local,"Magee, MS, USA"
Mathiston,MS,33.541493,-89.127479,local,"Mathiston, MS, USA"
McComb,MS,31.221594,-90.432449,local,"Mccomb, MS, USA"
Meridian,MS,32.357441,-88.655973,local,"Meridian, MS, USA"
Morton,MS,32.436105,-89.551222,local,"Morton, MS, USA"
Moss Point,MS,30.411389,-88.534444,local,"Moss Point, MS, USA"
Mount Pleasant,MS,34.936400,-89.532100,local,"Mount Pleasant, MS, USA"
Natchez,MS,31.549240,-91.364214,local,"Natchez, MS, USA"
New Albany,MS,34.485051,-89.003058,local,"New Albany, MS, USA"
New Augusta,MS,31.130907,-89.028611,local,"New Augusta, MS, USA"
Newton,MS,32.324448,-89.183951,local,"Newton, MS, USA"
Oakland,MS,34.075552,-89.887748,local,"Oakland, MS, USA"
Ocean Springs,MS,30.440433,-88.780099,local,"Ocean Springs, MS, USA"
Okolona,MS,33.989015,-88.759843,local,"Okolona, MS, USA"
Olive Branch,MS,34.944140,-89.854427,local,"Olive Branch, MS, USA"
Oxford,MS,34.354354,-89.496920,local,"Oxford, MS, USA"
Pearl,MS,32.276837,-90.102714,local,"Pearl, MS, USA"
Pelahatchie,MS,32.317994,-89.791350,local,"Pelahatchie, MS, USA"
Picayune,MS,30.541796,-89.691021,local,"Picayune, MS, USA"
Pickens,MS,32.890519,-89.973707,local,"Pickens, MS, USA"
Poplarville,MS,30.852362,-89.564751,local,"Poplarville, MS, USA"
Purvis,MS,31.149562,-89.462301,local,"Purvis, MS, USA"
Red Banks,MS,34.875039,-89.519839,local,"Red Banks, MS, USA"
Richland,MS,32.215224,-90.156231,local,"Richland, MS, USA"
Saltillo,MS,34.383128,-88.667360,local,"Saltillo, MS, USA"
Sandersville,MS,31.786389,-89.032222,local,"Sandersville, MS, USA"
Scooba,MS,32.840197,-88.488272,local,"Scooba, MS, USA"
Senatobia,MS,34.632306,-89.885501,local,"Senatobia, MS, USA"
Shannon,MS,34.121035,-88.734206,local,"Shannon, MS, USA"
Shelby,MS,33.949058,-90.762461,local,"Shelby, MS, USA"
Sherman,MS,34.359167,-88.841111,local,"Sherman, MS, USA"
Terry,MS,32.114683,-90.324143,local,"Terry, MS, USA"
Tillatoba,MS,33.985229,-89.894461,local,"Tillatoba, MS, USA"
Tishomingo,MS,34.647753,-88.219395,local,"Tishomingo, MS, USA"
Toomsuba,MS,32.429583,-88.489225,local,"Toomsuba, MS, USA"
Tunica,MS,34.688355,-90.368515,local,"Tunica, MS, USA"
Tupelo,MS,34.253834,-88.720853,local,"Tupelo, MS, USA"
Vicksburg,MS,32.325824,-90.850650,local,"Vicksburg, MS, USA"
Walnut,MS,34.952732,-88.905337,local,"Walnut, MS, USA"
Water Valley,MS,34.152466,-89.637986,local,"Water Valley, MS, USA"
West Point,MS,33.626496,-88.682260,local,"West Point, MS, USA"
Wiggins,MS,30.860950,-89.132369,local,"Wiggins, MS, USA"
Winona,MS,33.485753,-89.727655,local,"Winona, MS, USA"
Belgrade,MT,45.780126,-111.143927,local,"Belgrade, MT, USA"
Big Timber,MT,45.828270,-109.963094,local,"Big Timber, MT, USA"
Billings,MT,45.774489,-108.500452,local,"Billings, MT, USA"
Boulder,MT,46.230647,-112.113757,local,"Boulder, MT, USA"
Butte,MT,45.991579,-112.517807,local,"Butte, MT, USA"
Chinook,MT,48.579850,-109.222460,local,"Chinook, MT, USA"
Columbia Falls,MT,48.353394,-114.178394,local,"Columbia Falls, MT, USA"
Columbus,MT,45.626171,-109.257126,local,"Columbus, MT, USA"
Conrad,MT,48.178346,-111.939665,local,"Conrad, MT, USA"
Deer Lodge,MT,46.388070,-112.747589,local,"Deer Lodge, MT, USA"
Dillon,MT,45.233940,-112.640452,local,"Dillon, MT, USA"
Glendive,MT,47.100813,-104.728716,local,"Glendive, MT, USA"
Great Falls,MT,47.509812,-111.273397,local,"Great Falls, MT, USA"
Hardin,MT,45.749843,-107.607457,local,"Hardin, MT, USA"
Helena,MT,46.613066,-112.021283,local,"Helena, MT, USA"
Laurel,MT,45.674510,-108.769008,local,"Laurel, MT, USA"
Lewistown,MT,47.056324,-109.420297,local,"Lewistown, MT, USA"
Livingston,MT,45.654587,-110.560907,local,"Livingston, MT, USA"
Lolo,MT,46.758500,-114.109732,local,"Lolo, MT, USA"
Miles City,MT,46.407459,-105.833193,local,"Miles City, MT, USA"
Milltown,MT,46.871389,-113.880833,local,"Milltown, MT, USA"
Missoula,MT,46.856274,-114.025207,local,"Missoula, MT, USA"
Moore,MT,46.989811,-109.653838,local,"Moore, MT, USA"
Park City,MT,45.632864,-108.929279,local,"Park City, MT, USA"
Plentywood,MT,48.778825,-104.560032,local,"Plentywood, MT, USA"
Shelby,MT,48.503666,-111.839122,local,"Shelby, MT, USA"
Sidney,MT,47.713017,-104.163445,local,"Sidney, MT, USA"
Superior,MT,47.172103,-114.888483,local,"Superior, MT, USA"
Three Forks,MT,45.881068,-111.543643,local,"Three Forks, MT, USA"
Whitehall,MT,45.877146,-112.124535,local,"Whitehall, MT, USA"
Ahoskie,NC,36.295737,-76.996632,local,"Ahoskie, NC, USA"
Apex,NC,35.722504,-78.840816,local,"Apex, NC, USA"
Asheboro,NC,35.693496,-79.819678,local,"Asheboro, NC, USA"
Belhaven,NC,35.520493,-76.623574,local,"Belhaven, NC, USA"
Bethel,NC,35.790885,-77.374765,local,"Bethel, NC, USA"
Bladenboro,NC,34.565832,-78.779295,local,"Bladenboro, NC, USA"
Burgaw,NC,34.548679,-77.940317,local,"Burgaw, NC, USA"
Candler,NC,35.537626,-82.700081,local,"Candler, NC, USA"
Candor,NC,35.223350,-79.787623,local,"Candor, NC, USA"
Charlotte,NC,35.226900,-80.843300,local,"Charlotte, NC, USA"
Chocowinity,NC,35.481409,-77.086801,local,"Chocowinity, NC, USA"
Clinton,NC,35.015143,-78.326007,local,"Clinton, NC, USA"
Colfax,NC,36.100272,-80.010276,local,"Colfax, NC, USA"
Columbia,NC,35.905664,-76.234481,local,"Columbia, NC, USA"
Conover,NC,35.731343,-81.216455,local,"Conover, NC, USA"
Creedmoor,NC,36.112433,-78.647587,local,"Creedmoor, NC, USA"
Delco,NC,34.327419,-78.191690,local,"Delco, NC, USA"
Denver,NC,35.483677,-80.989785,local,"Denver, NC, USA"
Dunn,NC,35.316511,-78.615079,local,"Dunn, NC, USA"
Durham,NC,35.996725,-78.896613,local,"Durham, NC, USA"
Edenton,NC,36.090777,-76.622384,local,"Edenton, NC, USA"
Elizabeth City,NC,36.301900,-76.223600,local,"Elizabeth City, NC, USA"
Elkin,NC,36.287230,-80.855365,local,"Elkin, NC, USA"
Evergreen,NC,34.375234,-78.884638,local,"Evergreen, NC, USA"
Farmville,NC,35.580606,-77.579303,local,"Farmville, NC, USA"
Fayetteville,NC,35.050990,-78.842255,local,"Fayetteville, NC, USA"
Flat Rock,NC,35.288993,-82.391568,local,"Flat Rock, NC, USA"
Garner,NC,35.681254,-78.597527,local,"Garner, NC, USA"
Gastonia,NC,35.244917,-81.219449,local,"Gastonia, NC, USA"
Goldsboro,NC,35.382585,-78.015813,local,"Goldsboro, NC, USA"
Graham,NC,36.030967,-79.381384,local,"Graham, NC, USA"
Grantsboro,NC,35.122186,-76.884387,local,"Grantsboro, NC, USA"
Greensboro,NC,36.072600,-79.792000,local,"Greensboro, NC, USA"
Greenville,NC,35.659400,-77.397400,local,"Greenville, NC, USA"
Hamptonville,NC,36.124248,-80.813687,local,"Hamptonville, NC, USA"
Harrisburg,NC,35.324731,-80.659401,local,"Harrisburg, NC, USA"
Haw River,NC,36.055085,-79.334557,local,"Haw River, NC, USA"
Hendersonville,NC,35.319213,-82.499995,local,"Hendersonville, NC, USA"
Hertford,NC,36.177058,-76.424299,local,"Hertford, NC, USA"
Hickory,NC,35.757570,-81.328858,local,"Hickory, NC, USA"
High Point,NC,35.959313,-80.011673,local,"High Point, NC, USA"
Hope Mills,NC,34.953564,-78.935364,local,"Hope Mills, NC, USA"
Jacksonville,NC,34.737456,-77.462815,local,"Jacksonville, NC, USA"
Jonesville,NC,36.228571,-80.787029,local,"Jonesville, NC, USA"
Kannapolis,NC,35.502016,-80.635875,local,"Kannapolis, NC, USA"
Kenly,NC,35.607742,-78.138227,local,"Kenly, NC, USA"
Kernersville,NC,36.116534,-80.083115,local,"Kernersville, NC, USA"
Kinston,NC,35.278333,-77.585969,local,"Kinston, NC, USA"
Leland,NC,34.267952,-78.057815,local,"Leland, NC, USA"
Lewiston Woodville,NC,36.134416,-77.206631,local,"Lewiston Woodville, NC, USA"
Lexington,NC,35.823060,-80.262049,local,"Lexington, NC, USA"
Lillington,NC,35.331954,-78.921223,local,"Lillington, NC, USA"
Linwood,NC,35.756230,-80.374895,local,"Linwood, NC, USA"
Lumberton,NC,34.629301,-79.008309,local,"Lumberton, NC, USA"
Marion,NC,35.681916,-82.017993,local,"Marion, NC, USA"
Maxton,NC,34.733435,-79.309725,local,"Maxton, NC, USA"
Mc Leansville,NC,36.116291,-79.668388,local,"Mc Leansville, NC, USA"
Mebane,NC,36.097862,-79.271895,local,"Mebane, NC, USA"
Midland,NC,35.247724,-80.531853,local,"Midland, NC, USA"
Mocksville,NC,35.922007,-80.536965,local,"Mocksville, NC, USA"
Monroe,NC,35.017775,-80.537230,local,"Monroe, NC, USA"
Morehead City,NC,34.725320,-76.753069,local,"Morehead City, NC, USA"
Mount Airy,NC,36.500739,-80.611871,local,"Mount Airy, NC, USA"
New Bern,NC,35.101941,-77.031945,local,"New Bern, NC, USA"
Newport,NC,34.755076,-76.906945,local,"Newport, NC, USA"
Newton,NC,35.649766,-81.242546,local,"Newton, NC, USA"
Oak City,NC,35.959736,-77.300362,local,"Oak City, NC, USA"
Pilot Mountain,NC,36.410940,-80.492065,local,"Pilot Mountain, NC, USA"
Pinetops,NC,35.819611,-77.691952,local,"Pinetops, NC, USA"
Pleasant Hill,NC,36.521246,-77.519217,local,"Pleasant Hill, NC, USA"
Plymouth,NC,35.850826,-76.743148,local,"Plymouth, NC, USA"
Princeton,NC,35.455833,-78.167368,local,"Princeton, NC, USA"
Raeford,NC,34.989009,-79.222760,local,"Raeford, NC, USA"
Raleigh,NC,35.772701,-78.632439,local,"Raleigh, NC, USA"
Reidsville,NC,36.343209,-79.664212,local,"Reidsville, NC, USA"
Rich Square,NC,36.277256,-77.296947,local,"Rich Square, NC, USA"
Richlands,NC,34.862426,-77.586305,local,"Richlands, NC, USA"
Riegelwood,NC,34.347060,-78.257473,local,"Riegelwood, NC, USA"
Rocky Mount,NC,35.942650,-77.760816,local,"Rocky Mount, NC, USA"
Rocky Point,NC,34.434418,-77.923448,local,"Rocky Point, NC, USA"
Rural Hall,NC,36.229251,-80.293643,local,"Rural Hall, NC, USA"
Saint Pauls,NC,34.800962,-78.973077,local,"Saint Pauls, NC, USA"
Salisbury,NC,35.651498,-80.488945,local,"Salisbury, NC, USA"
Saluda,NC,35.238341,-82.330595,local,"Saluda, NC, USA"
Sanford,NC,35.464148,-79.176446,local,"Sanford, NC, USA"
Seaboard,NC,36.488552,-77.411306,local,"Seaboard, NC, USA"
Selma,NC,35.556531,-78.264025,local,"Selma, NC, USA"
Shelby,NC,35.347075,-81.581573,local,"Shelby, NC, USA"
Siler City,NC,35.735392,-79.456624,local,"Siler City, NC, USA"
Spring Hope,NC,35.930193,-78.108500,local,"Spring Hope, NC, USA"
Spring Lake,NC,35.182981,-78.978555,local,"Spring Lake, NC, USA"
Statesville,NC,35.838100,-80.884200,local,"Statesville, NC, USA"
Stedman,NC,35.034749,-78.694932,local,"Stedman, NC, USA"
Stokesdale,NC,36.255217,-79.970528,local,"Stokesdale, NC, USA"
Supply,NC,33.962504,-78.296089,local,"Supply, NC, USA"
Swansboro,NC,34.699066,-77.135013,local,"Swansboro, NC, USA"
Tar Heel,NC,34.746541,-78.813410,local,"Tar Heel, NC, USA"
Troutman,NC,35.686271,-80.882229,local,"Troutman, NC, USA"
Union Grove,NC,36.036947,-80.896695,local,"Union Grove, NC, USA"
Vanceboro,NC,35.306255,-77.171618,local,"Vanceboro, NC, USA"
Wade,NC,35.160559,-78.724929,local,"Wade, NC, USA"
Wadesboro,NC,34.980938,-80.069586,local,"Wadesboro, NC, USA"
Wake Forest,NC,35.981544,-78.539213,local,"Wake Forest, NC, USA"
Warsaw,NC,34.998180,-78.086739,local,"Warsaw, NC, USA"
Waynesville,NC,35.488611,-82.988889,local,"Waynesville, NC, USA"
Whitakers,NC,36.075797,-77.716743,local,"Whitakers, NC, USA"
Whiteville,NC,34.324142,-78.716048,local,"Whiteville, NC, USA"
Whitsett,NC,36.032981,-79.597151,local,"Whitsett, NC, USA"
Wilkesboro,NC,36.135857,-81.157292,local,"Wilkesboro, NC, USA"
Williamston,NC,35.660154,-77.048344,local,"Williamston, NC, USA"
Wilmington,NC,34.225304,-77.937856,local,"Wilmington, NC, USA"
Wilson,NC,35.727022,-77.922733,local,"Wilson, NC, USA"
Windsor,NC,36.015881,-76.933612,local,"Windsor, NC, USA"
Winnabow,NC,34.214511,-78.056211,local,"Winnabow, NC, USA"
Winston Salem,NC,36.102370,-80.222798,local,"Winston Salem, NC, USA"
Winton,NC,36.382616,-76.936007,local,"Winton, NC, USA"
Youngsville,NC,36.007782,-78.441198,local,"Youngsville, NC, USA"
Alexander,ND,47.843517,-103.639610,local,"Alexander, ND, USA"
Beach,ND,46.932381,-103.984290,local,"Beach, ND, USA"
Belfield,ND,46.887728,-103.179515,local,"Belfield, ND, USA"
Bismarck,ND,46.823448,-100.774755,local,"Bismarck, ND, USA"
Bowman,ND,46.173316,-103.401965,local,"Bowman, ND, USA"
Carpio,ND,48.432299,-101.711943,local,"Carpio, ND, USA"
Carrington,ND,47.453918,-99.108226,local,"Carrington, ND, USA"
Casselton,ND,46.899195,-97.213821,local,"Casselton, ND, USA"
Devils Lake,ND,48.113162,-98.861588,local,"Devils Lake, ND, USA"
Dickinson,ND,46.887289,-102.787595,local,"Dickinson, ND, USA"
Drayton,ND,48.578569,-97.199222,local,"Drayton, ND, USA"
Dunseith,ND,48.848010,-100.031105,local,"Dunseith, ND, USA"
Fargo,ND,46.900878,-96.793577,local,"Fargo, ND, USA"
Fessenden,ND,47.628644,-99.643361,local,"Fessenden, ND, USA"
Grand Forks,ND,47.901041,-97.044630,local,"Grand Forks, ND, USA"
Grassy Butte,ND,47.443072,-103.294433,local,"Grassy Butte, ND, USA"
Hankinson,ND,46.055797,-96.899069,local,"Hankinson, ND, USA"
Harwood,ND,46.996497,-96.900973,local,"Harwood, ND, USA"
Jamestown,ND,46.905899,-98.706127,local,"Jamestown, ND, USA"
Kenmare,ND,48.673149,-102.071745,local,"Kenmare, ND, USA"
Killdeer,ND,47.410898,-102.776242,local,"Killdeer, ND, USA"
Leeds,ND,48.266810,-99.440123,local,"Leeds, ND, USA"
Mandan,ND,46.830649,-100.909175,local,"Mandan, ND, USA"
Minot,ND,48.229140,-101.298476,local,"Minot, ND, USA"
New Salem,ND,46.851248,-101.424453,local,"New Salem, ND, USA"
New Town,ND,47.977154,-102.485793,local,"New Town, ND, USA"
Oakes,ND,46.128796,-98.099339,local,"Oakes, ND, USA"
Pembina,ND,48.936124,-97.275611,local,"Pembina, ND, USA"
Richardton,ND,46.842614,-102.292004,local,"Richardton, ND, USA"
Rugby,ND,48.317264,-99.998954,local,"Rugby, ND, USA"
Stanley,ND,48.319189,-102.392802,local,"Stanley, ND, USA"
Steele,ND,46.852357,-99.933559,local,"Steele, ND, USA"
Sterling,ND,46.843583,-100.274392,local,"Sterling, ND, USA"
Tioga,ND,48.392009,-102.961281,local,"Tioga, ND, USA"
Tower City,ND,46.911873,-97.659392,local,"Tower City, ND, USA"
Valley City,ND,46.926810,-98.003316,local,"Valley City, ND, USA"
Wahpeton,ND,46.265100,-96.613300,local,"Wahpeton, ND, USA"
Watford City,ND,47.804258,-103.258205,local,"Watford City, ND, USA"
West Fargo,ND,46.869523,-96.895002,local,"West Fargo, ND, USA"
Williston,ND,48.167924,-103.631699,local,"Williston, ND, USA"
Wilton,ND,47.170853,-100.794385,local,"Wilton, ND, USA"
Alda,NE,40.856923,-98.455135,local,"Alda, NE, USA"
Alliance,NE,42.114943,-102.888045,local,"Alliance, NE, USA"
Alma,NE,40.118853,-99.360073,local,"Alma, NE, USA"
Aurora,NE,40.852838,-98.020107,local,"Aurora, NE, USA"
Beatrice,NE,40.270509,-96.743494,local,"Beatrice, NE, USA"
Bennet,NE,40.638220,-96.513400,local,"Bennet, NE, USA"
Big Springs,NE,41.069621,-102.093273,local,"Big Springs, NE, USA"
Broken Bow,NE,41.412586,-99.635452,local,"Broken Bow, NE, USA"
Burwell,NE,41.807982,-99.099527,local,"Burwell, NE, USA"
Cairo,NE,41.000183,-98.616538,local,"Cairo, NE, USA"
Cambridge,NE,40.280767,-100.167579,local,"Cambridge, NE, USA"
Central City,NE,41.121259,-98.001693,local,"Central City, NE, USA"
Chadron,NE,42.819268,-102.995331,local,"Chadron, NE, USA"
Columbus,NE,41.437225,-97.356469,local,"Columbus, NE, USA"
Cozad,NE,40.861934,-99.992091,local,"Cozad, NE, USA"
Crete,NE,40.619302,-96.956676,local,"Crete, NE, USA"
Doniphan,NE,40.770031,-98.379010,local,"Doniphan, NE, USA"
Eagle,NE,40.816909,-96.428965,local,"Eagle, NE, USA"
Elgin,NE,41.973239,-98.075082,local,"Elgin, NE, USA"
Elm Creek,NE,40.730079,-99.372786,local,"Elm Creek, NE, USA"
Fairmont,NE,40.640400,-97.587290,local,"Fairmont, NE, USA"
Falls City,NE,40.074193,-95.593148,local,"Falls City, NE, USA"
Fremont,NE,41.441637,-96.494468,local,"Fremont, NE, USA"
Geneva,NE,40.527731,-97.609625,local,"Geneva, NE, USA"
Genoa,NE,41.446776,-97.764011,local,"Genoa, NE, USA"
Gibbon,NE,40.744445,-98.854350,local,"Gibbon, NE, USA"
Gordon,NE,42.806843,-102.204929,local,"Gordon, NE, USA"
Gothenburg,NE,40.940035,-100.154707,local,"Gothenburg, NE, USA"
Grand Island,NE,40.921858,-98.341062,local,"Grand Island, NE, USA"
Greenwood,NE,40.970640,-96.425840,local,"Greenwood, NE, USA"
Gretna,NE,41.134458,-96.245837,local,"Gretna, NE, USA"
Hastings,NE,40.587654,-98.391146,local,"Hastings, NE, USA"
Hebron,NE,40.172807,-97.605228,local,"Hebron, NE, USA"
Henderson,NE,40.781374,-97.797865,local,"Henderson, NE, USA"
Hershey,NE,41.155303,-101.001157,local,"Hershey, NE, USA"
Holdrege,NE,40.447527,-99.367233,local,"Holdrege, NE, USA"
Jackson,NE,42.452877,-96.574335,local,"Jackson, NE, USA"
Laurel,NE,42.427036,-97.087381,local,"Laurel, NE, USA"
Lexington,NE,40.785002,-99.751515,local,"Lexington, NE, USA"
Lincoln,NE,40.816900,-96.710300,local,"Lincoln, NE, USA"
Milford,NE,40.763153,-97.057630,local,"Milford, NE, USA"
Norfolk,NE,42.032914,-97.422898,local,"Norfolk, NE, USA"
North Platte,NE,41.132595,-100.774631,local,"North Platte, NE, USA"
Ogallala,NE,41.127505,-101.710742,local,"Ogallala, NE, USA"
Omaha,NE,41.261000,-95.937600,local,"Omaha, NE, USA"
Oneill,NE,42.485733,-98.645565,local,"Oneill, NE, USA"
Ord,NE,41.596187,-98.941783,local,"Ord, NE, USA"
Overton,NE,40.751875,-99.527824,local,"Overton, NE, USA"
Palmyra,NE,40.704964,-96.399903,local,"Palmyra, NE, USA"
Plainview,NE,42.346701,-97.778615,local,"Plainview, NE, USA"
Roca,NE,40.670195,-96.639085,local,"Roca, NE, USA"
Saint Paul,NE,41.224212,-98.443987,local,"Saint Paul, NE, USA"
Schuyler,NE,41.459128,-97.062832,local,"Schuyler, NE, USA"
Scottsbluff,NE,41.871975,-103.661914,local,"Scottsbluff, NE, USA"
Seward,NE,40.906609,-97.096618,local,"Seward, NE, USA"
Shelby,NE,41.243544,-97.429536,local,"Shelby, NE, USA"
Sidney,NE,41.142778,-102.977500,local,"Sidney, NE, USA"
South Sioux City,NE,42.465615,-96.418161,local,"South Sioux City, NE, USA"
Superior,NE,40.031537,-98.077872,local,"Superior, NE, USA"
Syracuse,NE,40.661386,-96.182407,local,"Syracuse, NE, USA"
Tecumseh,NE,40.369702,-96.204951,local,"Tecumseh, NE, USA"
Trenton,NE,40.168096,-101.020073,local,"Trenton, NE, USA"
Valentine,NE,42.806166,-100.621542,local,"Valentine, NE, USA"
Valley,NE,41.318581,-96.346288,local,"Valley, NE, USA"
Waco,NE,40.919826,-97.453352,local,"Waco, NE, USA"
Wahoo,NE,41.211723,-96.621946,local,"Wahoo, NE, USA"
Wayne,NE,42.230439,-97.018579,local,"Wayne, NE, USA"
West Point,NE,41.845030,-96.731763,local,"West Point, NE, USA"
Wisner,NE,41.997994,-96.916975,local,"Wisner, NE, USA"
Wood River,NE,40.810635,-98.606509,local,"Wood River, NE, USA"
York,NE,40.866678,-97.582482,local,"York, NE, USA"
Auburn,NH,42.992529,-71.344892,local,"Auburn, NH, USA"
Barrington,NH,43.202700,-71.037675,local,"Barrington, NH, USA"
Bow,NH,43.138788,-71.544814,local,"Bow, NH, USA"
Candia,NH,43.058514,-71.304857,local,"Candia, NH, USA"
Concord,NH,43.218525,-71.527734,local,"Concord, NH, USA"
Enfield,NH,43.625584,-72.127014,local,"Enfield, NH, USA"
Epping,NH,43.041052,-71.076367,local,"Epping, NH, USA"
Gorham,NH,44.399601,-71.179983,local,"Gorham, NH, USA"
Greenland,NH,43.035294,-70.847476,local,"Greenland, NH, USA"
Hudson,NH,42.769038,-71.412144,local,"Hudson, NH, USA"
Lebanon,NH,43.642222,-72.252222,local,"Lebanon, NH, USA"
Londonderry,NH,42.865555,-71.377190,local,"Londonderry, NH, USA"
Merrimack,NH,42.866689,-71.512780,local,"Merrimack, NH, USA"
New Hampton,NH,43.618393,-71.643513,local,"New Hampton, NH, USA"
Northwood,NH,43.206965,-71.200423,local,"Northwood, NH, USA"
Portsmouth,NH,43.066524,-70.780412,local,"Portsmouth, NH, USA"
Raymond,NH,43.032512,-71.191159,local,"Raymond, NH, USA"
Walpole,NH,43.076533,-72.415489,local,"Walpole, NH, USA"
Warner,NH,43.303512,-71.835349,local,"Warner, NH, USA"
West Chesterfield,NH,42.873152,-72.511216,local,"West Chesterfield, NH, USA"
Avenel,NJ,40.582568,-74.278522,local,"Avenel, NJ, USA"
Bloomsbury,NJ,40.643660,-75.096640,local,"Bloomsbury, NJ, USA"
Bordentown,NJ,40.143141,-74.703249,local,"Bordentown, NJ, USA"
Bound Brook,NJ,40.568115,-74.539735,local,"Bound Brook, NJ, USA"
Budd Lake,NJ,40.873108,-74.742552,local,"Budd Lake, NJ, USA"
Burlington,NJ,40.068015,-74.845353,local,"Burlington, NJ, USA"
Carlstadt,NJ,40.840298,-74.092498,local,"Carlstadt, NJ, USA"
Carteret,NJ,40.582278,-74.231345,local,"Carteret, NJ, USA"
Cherry Hill,NJ,39.930808,-75.017538,local,"Cherry Hill, NJ, USA"
Clementon,NJ,39.807030,-75.003997,local,"Clementon, NJ, USA"
Clinton,NJ,40.641194,-74.908846,local,"Clinton, NJ, USA"
Columbia,NJ,40.938805,-75.054983,local,"Columbia, NJ, USA"
Cranbury,NJ,40.303868,-74.506531,local,"Cranbury, NJ, USA"
Delaware,NJ,40.892778,-75.065000,local,"Delaware, NJ, USA"
East Brunswick,NJ,40.428395,-74.406381,local,"East Brunswick, NJ, USA"
East Rutherford,NJ,40.838527,-74.104069,local,"East Rutherford, NJ, USA"
Edison,NJ,40.517079,-74.397286,local,"Edison, NJ, USA"
Elizabeth,NJ,40.671690,-74.204335,local,"Elizabeth, NJ, USA"
Elizabethport,NJ,40.650103,-74.187089,nominatim,"Elizabethport, Elizabeth, Union County, New Jersey, 07206, United States"
Fairfield,NJ,40.882178,-74.296027,local,"Fairfield, NJ, USA"
Flemington,NJ,40.517976,-74.845316,local,"Flemington, NJ, USA"
Franklinville,NJ,39.615557,-75.040880,local,"Franklinville, NJ, USA"
Hampton,NJ,40.677351,-74.962221,local,"Hampton, NJ, USA"
Hillsborough,NJ,40.477500,-74.627222,local,"Hillsborough, NJ, USA"
Jersey City,NJ,40.716400,-74.038000,local,"Jersey City, NJ, USA"
Kearny,NJ,40.764660,-74.147108,local,"Kearny, NJ, USA"
Ledgewood,NJ,40.878028,-74.655405,local,"Ledgewood, NJ, USA"
Linden,NJ,40.635366,-74.255567,local,"Linden, NJ, USA"
Mahwah,NJ,41.074473,-74.155974,local,"Mahwah, NJ, USA"
Monmouth Junction,NJ,40.394391,-74.547021,local,"Monmouth Junction, NJ, USA"
Monroe Township,NJ,40.342475,-74.433568,local,"Monroe Township, NJ, USA"
Montague,NJ,41.302259,-74.753956,local,"Montague, NJ, USA"
Mount Holly,NJ,39.993028,-74.795522,local,"Mount Holly, NJ, USA"
Mount Laurel,NJ,39.947808,-74.903588,local,"Mount Laurel, NJ, USA"
Newark,NJ,40.730800,-74.174400,local,"Newark, NJ, USA"
Newfield,NJ,39.555257,-75.027558,local,"Newfield, NJ, USA"
North Bergen,NJ,40.793019,-74.017715,local,"North Bergen, NJ, USA"
North Brunswick,NJ,40.453767,-74.482285,local,"North Brunswick, NJ, USA"
Palisades Park,NJ,40.846238,-73.995436,local,"Palisades Park, NJ, USA"
Palmyra,NJ,40.003654,-75.025685,local,"Palmyra, NJ, USA"
Paulsboro,NJ,39.831157,-75.224233,local,"Paulsboro, NJ, USA"
Penns Grove,NJ,39.717938,-75.465623,local,"Penns Grove, NJ, USA"
Pennsauken,NJ,39.962742,-75.063446,local,"Pennsauken, NJ, USA"
Perth Amboy,NJ,40.517551,-74.275427,local,"Perth Amboy, NJ, USA"
Phillipsburg,NJ,40.692819,-75.174100,local,"Phillipsburg, NJ, USA"
Richwood,NJ,39.722500,-75.165833,local,"Richwood, NJ, USA"
Ridgefield,NJ,40.832568,-74.001531,local,"Ridgefield, NJ, USA"
Ringoes,NJ,40.445870,-74.828839,local,"Ringoes, NJ, USA"
Riverton,NJ,40.011389,-75.015278,local,"Riverton, NJ, USA"
Roebling,NJ,40.115352,-74.777224,local,"Roebling, NJ, USA"
Rosenhayn,NJ,39.478056,-75.131667,local,"Rosenhayn, NJ, USA"
Secaucus,NJ,40.791010,-74.063416,local,"Secaucus, NJ, USA"
South Amboy,NJ,40.464733,-74.278635,local,"South Amboy, NJ, USA"
South Plainfield,NJ,40.583884,-74.414695,local,"South Plainfield, NJ, USA"
Thorofare,NJ,39.859178,-75.176698,local,"Thorofare, NJ, USA"
Trenton,NJ,40.216900,-74.743300,local,"Trenton, NJ, USA"
Vineland,NJ,39.481770,-75.009087,local,"Vineland, NJ, USA"
Woodbridge,NJ,40.555973,-74.284542,local,"Woodbridge, NJ, USA"
Alamogordo,NM,32.893186,-105.948544,local,"Alamogordo, NM, USA"
Albuquerque,NM,35.093600,-106.642300,local,"Albuquerque, NM, USA"
Algodones,NM,35.428527,-106.616589,local,"Algodones, NM, USA"
Artesia,NM,32.838355,-104.407401,local,"Artesia, NM, USA"
Aztec,NM,36.820499,-108.010982,local,"Aztec, NM, USA"
Belen,NM,34.645562,-106.761215,local,"Belen, NM, USA"
Bernalillo,NM,35.328506,-106.530873,local,"Bernalillo, NM, USA"
Carlsbad,NM,32.411867,-104.239539,local,"Carlsbad, NM, USA"
Carrizozo,NM,33.649620,-105.869617,local,"Carrizozo, NM, USA"
Casa Blanca,NM,35.035222,-107.433907,local,"Casa Blanca, NM, USA"
Clayton,NM,36.441378,-103.188823,local,"Clayton, NM, USA"
Clines Corners,NM,35.009444,-105.668611,local,"Clines Corners, NM, USA"
Clovis,NM,34.412585,-103.221391,local,"Clovis, NM, USA"
Deming,NM,32.231808,-107.746559,local,"Deming, NM, USA"
Eunice,NM,32.439225,-103.159407,local,"Eunice, NM, USA"
Farmington,NM,36.706514,-108.199531,local,"Farmington, NM, USA"
Flora Vista,NM,36.802771,-108.082683,local,"Flora Vista, NM, USA"
Gallup,NM,35.506475,-108.741352,local,"Gallup, NM, USA"
Hatch,NM,32.658335,-107.159028,local,"Hatch, NM, USA"
Hobbs,NM,32.722170,-103.137246,local,"Hobbs, NM, USA"
Jal,NM,32.112816,-103.199724,local,"Jal, NM, USA"
Jamestown,NM,35.421667,-108.308333,local,"Jamestown, NM, USA"
Las Cruces,NM,32.321641,-106.746034,local,"Las Cruces, NM, USA"
Las Vegas,NM,35.594862,-105.227162,local,"Las Vegas, NM, USA"
Lemitar,NM,34.155999,-106.904381,local,"Lemitar, NM, USA"
Logan,NM,35.368051,-103.438339,local,"Logan, NM, USA"
Lordsburg,NM,32.314032,-108.754657,local,"Lordsburg, NM, USA"
Los Lunas,NM,34.780607,-106.711537,local,"Los Lunas, NM, USA"
Loving,NM,32.274034,-104.091376,local,"Loving, NM, USA"
Lovington,NM,32.951166,-103.348849,local,"Lovington, NM, USA"
Melrose,NM,34.447870,-103.632507,local,"Melrose, NM, USA"
Milan,NM,35.169722,-107.890278,local,"Milan, NM, USA"
Moriarty,NM,34.988878,-106.060871,local,"Moriarty, NM, USA"
Portales,NM,34.179915,-103.336311,local,"Portales, NM, USA"
Pueblo Of Acoma,NM,34.900833,-107.586389,local,"Pueblo Of Acoma, NM, USA"
Raton,NM,36.895187,-104.434881,local,"Raton, NM, USA"
Roswell,NM,33.388504,-104.525857,local,"Roswell, NM, USA"
San Jon,NM,35.119848,-103.284599,local,"San Jon, NM, USA"
Santa Rosa,NM,34.933276,-104.682155,local,"Santa Rosa, NM, USA"
Santa Teresa,NM,31.848000,-106.634600,local,"Santa Teresa, NM, USA"
Springer,NM,36.376720,-104.592705,local,"Springer, NM, USA"
Tatum,NM,33.260018,-103.314000,local,"Tatum, NM, USA"
Texico,NM,34.395795,-103.061544,local,"Texico, NM, USA"
Tinnie,NM,33.337308,-105.202681,local,"Tinnie, NM, USA"
Tucumcari,NM,35.168003,-103.717935,local,"Tucumcari, NM, USA"
Tularosa,NM,33.065049,-106.010789,local,"Tularosa, NM, USA"
Vado,NM,32.115000,-106.663333,local,"Vado, NM, USA"
Vaughn,NM,34.624074,-105.192558,local,"Vaughn, NM, USA"
Battle Mountain,NV,40.621985,-116.955439,local,"Battle Mountain, NV, USA"
Carlin,NV,40.717216,-116.108208,local,"Carlin, NV, USA"
Carson City,NV,39.150746,-119.745904,local,"Carson City, NV, USA"
Elko,NV,40.826247,-115.724679,local,"Elko, NV, USA"
Ely,NV,39.309356,-114.878011,local,"Ely, NV, USA"
Fallon,NV,39.470254,-118.786112,local,"Fallon, NV, USA"
Fernley,NV,39.601888,-119.235044,local,"Fernley, NV, USA"
Gardnerville,NV,38.898268,-119.726902,local,"Gardnerville, NV, USA"
Hawthorne,NV,38.534658,-118.641143,local,"Hawthorne, NV, USA"
Henderson,NV,35.992678,-114.951684,local,"Henderson, NV, USA"
Imlay,NV,40.652217,-118.021150,local,"Imlay, NV, USA"
Indian Springs,NV,36.407223,-115.581067,local,"Indian Springs, NV, USA"
Jackpot,NV,41.839591,-115.112886,local,"Jackpot, NV, USA"
Jean,NV,35.854839,-115.469154,local,"Jean, NV, USA"
Las Vegas,NV,36.172082,-115.122366,local,"Las Vegas, NV, USA"
Lovelock,NV,40.181900,-118.468915,local,"Lovelock, NV, USA"
MC DERMITT,NV,41.866944,-117.531111,local,"Mc Dermitt, NV, USA"
Mesquite,NV,36.805500,-114.066300,local,"Mesquite, NV, USA"
Minden,NV,39.021766,-119.731363,local,"Minden, NV, USA"
Moapa,NV,36.675833,-114.620000,local,"Moapa, NV, USA"
North Las Vegas,NV,36.447500,-114.851389,local,"North Las Vegas, NV, USA"
Reno,NV,39.526812,-119.811275,local,"Reno, NV, USA"
Searchlight,NV,35.447601,-114.924182,local,"Searchlight, NV, USA"
Sparks,NV,39.547254,-119.755588,local,"Sparks, NV, USA"
Tonopah,NV,38.204273,-117.089886,local,"Tonopah, NV, USA"
Wells,NV,41.129798,-114.532752,local,"Wells, NV, USA"
West Wendover,NV,40.735000,-114.075278,local,"West Wendover, NV, USA"
Winnemucca,NV,40.966418,-117.746693,local,"Winnemucca, NV, USA"
Yerington,NV,38.986567,-119.159558,local,"Yerington, NV, USA"
Albany,NY,42.652500,-73.756600,local,"Albany, NY, USA"
Apalachin,NY,42.055579,-76.151940,local,"Apalachin, NY, USA"
Avon,NY,42.903034,-77.727398,local,"Avon, NY, USA"
Bath,NY,42.345451,-77.323255,local,"Bath, NY, USA"
Belmont,NY,42.233409,-78.011030,local,"Belmont, NY, USA"
Bergen,NY,43.086937,-77.960330,local,"Bergen, NY, USA"
Binghamton,NY,42.146307,-75.886517,local,"Binghamton, NY, USA"
Brewerton,NY,43.225194,-76.135132,local,"Brewerton, NY, USA"
Bronx,NY,40.822200,-73.921735,local,"Bronx, NY, USA"
Buffalo,NY,42.896659,-78.884575,local,"Buffalo, NY, USA"
Campbell,NY,42.238569,-77.206619,local,"Campbell, NY, USA"
Canaan,NY,42.413168,-73.415889,local,"Canaan, NY, USA"
Canajoharie,NY,42.882390,-74.583522,local,"Canajoharie, NY, USA"
Canastota,NY,43.087764,-75.760197,local,"Canastota, NY, USA"
Castle Creek,NY,42.256805,-75.908746,local,"Castle Creek, NY, USA"
Castleton On Hudson,NY,42.538243,-73.709529,local,"Castleton On Hudson, NY, USA"
Cayuta,NY,42.277445,-76.697367,local,"Cayuta, NY, USA"
Central Square,NY,43.308986,-76.184852,local,"Central Square, NY, USA"
Champlain,NY,44.977292,-73.446603,local,"Champlain, NY, USA"
Clifton Park,NY,42.849865,-73.785094,local,"Clifton Park, NY, USA"
Copiague,NY,40.677833,-73.396271,local,"Copiague, NY, USA"
Corfu,NY,42.977734,-78.392906,local,"Corfu, NY, USA"
Dansville,NY,42.569975,-77.710907,local,"Dansville, NY, USA"
East Syracuse,NY,43.073359,-76.055780,local,"East Syracuse, NY, USA"
Elmira,NY,42.100769,-76.811977,local,"Elmira, NY, USA"
Fort Ann,NY,43.428457,-73.478381,local,"Fort Ann, NY, USA"
Fort Edward,NY,43.265321,-73.582169,local,"Fort Edward, NY, USA"
Fultonville,NY,42.903601,-74.359765,local,"Fultonville, NY, USA"
Gansevoort,NY,43.180343,-73.705267,local,"Gansevoort, NY, USA"
Glenmont,NY,42.597147,-73.795884,local,"Glenmont, NY, USA"
Harpursville,NY,42.182320,-75.654538,local,"Harpursville, NY, USA"
Henrietta,NY,43.048264,-77.612224,local,"Henrietta, NY, USA"
Hogansburg,NY,44.982511,-74.662649,local,"Hogansburg, NY, USA"
Horseheads,NY,42.180493,-76.834539,local,"Horseheads, NY, USA"
Irving,NY,42.573866,-79.059634,local,"Irving, NY, USA"
Islandia,NY,40.790556,-73.202222,local,"Islandia, NY, USA"
Jamestown,NY,42.092845,-79.243989,local,"Jamestown, NY, USA"
Jordan,NY,43.065141,-76.459780,local,"Jordan, NY, USA"
La Fayette,NY,42.890959,-76.106116,local,"La Fayette, NY, USA"
Lancaster,NY,42.901681,-78.663085,local,"Lancaster, NY, USA"
Lewis,NY,44.307507,-73.549129,local,"Lewis, NY, USA"
Limestone,NY,42.063945,-78.631979,local,"Limestone, NY, USA"
Liverpool,NY,43.109925,-76.186999,local,"Liverpool, NY, USA"
Livingston,NY,42.141944,-73.778333,local,"Livingston, NY, USA"
Mc Graw,NY,42.594758,-76.081958,local,"Mc Graw, NY, USA"
Medford,NY,40.817416,-72.985214,local,"Medford, NY, USA"
Montezuma,NY,43.010000,-76.703611,local,"Montezuma, NY, USA"
Montgomery,NY,41.533320,-74.253417,local,"Montgomery, NY, USA"
New Hampton,NY,41.362714,-74.443483,local,"New Hampton, NY, USA"
Newburgh,NY,41.517833,-74.035980,local,"Newburgh, NY, USA"
Niagara Falls,NY,43.095467,-79.041443,local,"Niagara Falls, NY, USA"
Nichols,NY,42.031961,-76.361039,local,"Nichols, NY, USA"
Oneonta,NY,42.462453,-75.049072,local,"Oneonta, NY, USA"
Otego,NY,42.413330,-75.207883,local,"Otego, NY, USA"
Painted Post,NY,42.170967,-77.119375,local,"Painted Post, NY, USA"
Parish,NY,43.415295,-76.100023,local,"Parish, NY, USA"
Peru,NY,44.585109,-73.529322,local,"Peru, NY, USA"
Phelps,NY,42.958178,-77.047264,local,"Phelps, NY, USA"
Plattsburgh,NY,44.692715,-73.465969,local,"Plattsburgh, NY, USA"
Pulaski,NY,43.556170,-76.125231,local,"Pulaski, NY, USA"
Queensbury,NY,43.328983,-73.681846,local,"Queensbury, NY, USA"
Randolph,NY,42.163143,-78.960034,local,"Randolph, NY, USA"
Red Creek,NY,43.229068,-76.714556,local,"Red Creek, NY, USA"
Ripley,NY,42.248175,-79.712103,local,"Ripley, NY, USA"
Rochester,NY,43.168300,-77.602600,local,"Rochester, NY, USA"
Rome,NY,43.219349,-75.449758,local,"Rome, NY, USA"
Salamanca,NY,42.160350,-78.730420,local,"Salamanca, NY, USA"
Sanborn,NY,43.141879,-78.878522,local,"Sanborn, NY, USA"
Sangerfield,NY,42.913889,-75.379444,local,"Sangerfield, NY, USA"
Schenectady,NY,42.815500,-73.939500,local,"Schenectady, NY, USA"
Seneca Falls,NY,42.909377,-76.792538,local,"Seneca Falls, NY, USA"
Syracuse,NY,43.045900,-76.152800,local,"Syracuse, NY, USA"
Ticonderoga,NY,43.846302,-73.442592,local,"Ticonderoga, NY, USA"
Tully,NY,42.806977,-76.139360,local,"Tully, NY, USA"
Utica,NY,43.087112,-75.231463,local,"Utica, NY, USA"
Waterloo,NY,42.904515,-76.875498,local,"Waterloo, NY, USA"
Watertown,NY,43.974258,-75.912212,local,"Watertown, NY, USA"
Weedsport,NY,43.048882,-76.542502,local,"Weedsport, NY, USA"
West Coxsackie,NY,42.415055,-73.817033,local,"West Coxsackie, NY, USA"
Wolcott,NY,43.234129,-76.821748,local,"Wolcott, NY, USA"
Yorkshire,NY,42.530000,-78.473056,local,"Yorkshire, NY, USA"
Akron,OH,41.044852,-81.520048,local,"Akron, OH, USA"
Alvada,OH,41.046284,-83.376982,local,"Alvada, OH, USA"
Amherst,OH,41.390506,-82.228165,local,"Amherst, OH, USA"
Anna,OH,40.405105,-84.210344,local,"Anna, OH, USA"
Ashland,OH,40.855892,-82.318931,local,"Ashland, OH, USA"
Ashville,OH,39.731576,-82.944567,local,"Ashville, OH, USA"
Austinburg,OH,41.755360,-80.858422,local,"Austinburg, OH, USA"
Avon,OH,41.446713,-82.020359,local,"Avon, OH, USA"
Barberton,OH,41.018589,-81.615314,local,"Barberton, OH, USA"
Beaverdam,OH,40.833333,-83.976667,local,"Beaverdam, OH, USA"
Bedford,OH,41.392067,-81.523150,local,"Bedford, OH, USA"
Bellefontaine,OH,40.360472,-83.757076,local,"Bellefontaine, OH, USA"
Bellville,OH,40.613604,-82.517516,local,"Bellville, OH, USA"
Belmont,OH,40.032020,-81.006564,local,"Belmont, OH, USA"
Berea,OH,41.367557,-81.861756,local,"Berea, OH, USA"
Bidwell,OH,38.927647,-82.270092,local,"Bidwell, OH, USA"
Bradner,OH,41.329789,-83.445600,local,"Bradner, OH, USA"
Broadview Heights,OH,41.329070,-81.680879,local,"Broadview Heights, OH, USA"
Brookpark,OH,41.419792,-81.823818,nominatim,"Brookpark, 18010, Brookpark Road, Brook Park, Cuyahoga County, Ohio, 44070, United States"
Brookville,OH,39.841393,-84.416464,local,"Brookville, OH, USA"
Bucyrus,OH,40.810306,-82.969829,local,"Bucyrus, OH, USA"
Burbank,OH,40.963725,-81.995753,local,"Burbank, OH, USA"
Caldwell,OH,39.746651,-81.515280,local,"Caldwell, OH, USA"
Cambridge,OH,40.030501,-81.591277,local,"Cambridge, OH, USA"
Canton,OH,40.827000,-81.385300,local,"Canton, OH, USA"
Carey,OH,40.948599,-83.383578,local,"Carey, OH, USA"
Carroll,OH,39.795743,-82.708358,local,"Carroll, OH, USA"
Carrollton,OH,40.578663,-81.081789,local,"Carrollton, OH, USA"
Chillicothe,OH,39.337997,-82.989490,local,"Chillicothe, OH, USA"
Cincinnati,OH,39.091293,-84.277383,local,"Cincinnati, OH, USA"
Circleville,OH,39.598836,-82.929966,local,"Circleville, OH, USA"
Cleveland,OH,41.491800,-81.675700,local,"Cleveland, OH, USA"
Clyde,OH,41.302397,-82.991849,local,"Clyde, OH, USA"
Columbus,OH,40.144400,-82.978900,local,"Columbus, OH, USA"
Conneaut,OH,41.934479,-80.580257,local,"Conneaut, OH, USA"
Coolville,OH,39.214131,-81.832867,local,"Coolville, OH, USA"
Coshocton,OH,40.275412,-81.866033,local,"Coshocton, OH, USA"
Dalton,OH,40.779326,-81.700780,local,"Dalton, OH, USA"
Dayton,OH,39.765396,-84.099802,local,"Dayton, OH, USA"
Delaware,OH,40.293186,-83.072312,local,"Delaware, OH, USA"
Delphos,OH,40.833619,-84.324678,local,"Delphos, OH, USA"
Delta,OH,41.557695,-83.986600,local,"Delta, OH, USA"
Diamond,OH,41.093473,-81.042500,local,"Diamond, OH, USA"
Dover,OH,40.534338,-81.476321,local,"Dover, OH, USA"
Eaton,OH,39.742572,-84.650849,local,"Eaton, OH, USA"
Edon,OH,41.584219,-84.757002,local,"Edon, OH, USA"
Elyria,OH,41.372353,-82.105088,local,"Elyria, OH, USA"
Etna,OH,39.957222,-82.681944,local,"Etna, OH, USA"
Fairborn,OH,39.805311,-84.019789,local,"Fairborn, OH, USA"
Findlay,OH,41.044167,-83.650000,local,"Findlay, OH, USA"
Franklin,OH,39.547839,-84.305881,local,"Franklin, OH, USA"
Fremont,OH,41.349792,-83.118095,local,"Fremont, OH, USA"
Galion,OH,40.730316,-82.793943,local,"Galion, OH, USA"
Gallipolis,OH,38.814781,-82.229020,local,"Gallipolis, OH, USA"
Geneva,OH,41.802864,-80.947363,local,"Geneva, OH, USA"
Genoa,OH,41.530005,-83.358984,local,"Genoa, OH, USA"
Girard,OH,41.161136,-80.693305,local,"Girard, OH, USA"
Grafton,OH,41.285370,-82.043098,local,"Grafton, OH, USA"
Greenville,OH,40.098726,-84.634189,local,"Greenville, OH, USA"
Groveport,OH,39.858137,-82.887219,local,"Groveport, OH, USA"
Hannibal,OH,39.667222,-80.872222,local,"Hannibal, OH, USA"
Harrison,OH,39.259208,-84.783680,local,"Harrison, OH, USA"
Hebron,OH,39.953464,-82.491868,local,"Hebron, OH, USA"
Holland,OH,41.622629,-83.725712,local,"Holland, OH, USA"
Hubbard,OH,41.162401,-80.576192,local,"Hubbard, OH, USA"
Ironton,OH,38.529429,-82.665351,local,"Ironton, OH, USA"
Jackson,OH,39.042821,-82.647209,local,"Jackson, OH, USA"
Jeffersonville,OH,39.658960,-83.568730,local,"Jeffersonville, OH, USA"
Kent,OH,41.144920,-81.349760,local,"Kent, OH, USA"
Kingsville,OH,41.872311,-80.660092,local,"Kingsville, OH, USA"
Lancaster,OH,39.718697,-82.603074,local,"Lancaster, OH, USA"
Lebanon,OH,39.442047,-84.218754,local,"Lebanon, OH, USA"
Lima,OH,40.764066,-84.097296,local,"Lima, OH, USA"
Lockbourne,OH,39.814236,-82.976369,local,"Lockbourne, OH, USA"
London,OH,39.900074,-83.443899,local,"London, OH, USA"
Lore City,OH,40.045854,-81.447853,local,"Lore City, OH, USA"
Lowellville,OH,41.050256,-80.541551,local,"Lowellville, OH, USA"
Madison,OH,41.805367,-81.058819,local,"Madison, OH, USA"
Malvern,OH,40.684532,-81.183780,local,"Malvern, OH, USA"
Mansfield,OH,40.763300,-82.513800,local,"Mansfield, OH, USA"
Mantua,OH,41.294141,-81.228259,local,"Mantua, OH, USA"
Marengo,OH,40.389512,-82.812136,local,"Marengo, OH, USA"
Marietta,OH,39.428141,-81.464438,local,"Marietta, OH, USA"
Marion,OH,40.588600,-83.128600,local,"Marion, OH, USA"
Mason,OH,39.335741,-84.314935,local,"Mason, OH, USA"
Massillon,OH,40.811605,-81.497263,local,"Massillon, OH, USA"
Maumee,OH,41.581682,-83.662830,local,"Maumee, OH, USA"
Mendon,OH,40.677737,-84.515150,local,"Mendon, OH, USA"
Middletown,OH,39.532121,-84.389601,local,"Middletown, OH, USA"
Millbury,OH,41.561060,-83.438083,local,"Millbury, OH, USA"
Millersport,OH,39.899307,-82.528348,local,"Millersport, OH, USA"
Monroe,OH,39.441285,-84.365196,local,"Monroe, OH, USA"
Monroeville,OH,41.218074,-82.702330,local,"Monroeville, OH, USA"
Montpelier,OH,41.598210,-84.614703,local,"Montpelier, OH, USA"
Mount Eaton,OH,40.694444,-81.703333,local,"Mount Eaton, OH, USA"
Mount Gilead,OH,40.538371,-82.806235,local,"Mount Gilead, OH, USA"
Napoleon,OH,41.390969,-84.143271,local,"Napoleon, OH, USA"
New Carlisle,OH,39.930025,-84.021704,local,"New Carlisle, OH, USA"
New Concord,OH,40.008798,-81.738727,local,"New Concord, OH, USA"
New Paris,OH,39.861718,-84.779337,local,"New Paris, OH, USA"
New Philadelphia,OH,40.484539,-81.435827,local,"New Philadelphia, OH, USA"
New Springfield,OH,40.926517,-80.585585,local,"New Springfield, OH, USA"
Newcomerstown,OH,40.273895,-81.593969,local,"Newcomerstown, OH, USA"
Newton Falls,OH,41.191047,-80.970135,local,"Newton Falls, OH, USA"
North Baltimore,OH,41.186703,-83.680581,local,"North Baltimore, OH, USA"
North Canton,OH,40.889919,-81.413464,local,"North Canton, OH, USA"
North Jackson,OH,41.088044,-80.862250,local,"North Jackson, OH, USA"
North Lima,OH,40.964866,-80.654911,local,"North Lima, OH, USA"
Norwalk,OH,41.240314,-82.607850,local,"Norwalk, OH, USA"
Oregon,OH,41.641842,-83.471366,local,"Oregon, OH, USA"
Orrville,OH,40.845836,-81.774109,local,"Orrville, OH, USA"
Parkman,OH,41.370556,-81.065278,local,"Parkman, OH, USA"
Paulding,OH,41.141016,-84.572227,local,"Paulding, OH, USA"
Perrysburg,OH,41.542926,-83.592727,local,"Perrysburg, OH, USA"
Port Clinton,OH,41.521535,-82.909368,local,"Port Clinton, OH, USA"
Quaker City,OH,39.986576,-81.289883,local,"Quaker City, OH, USA"
Ravenna,OH,41.164886,-81.233656,local,"Ravenna, OH, USA"
Richfield,OH,41.237120,-81.646668,local,"Richfield, OH, USA"
Rittman,OH,40.968381,-81.782599,local,"Rittman, OH, USA"
Rockbridge,OH,39.550907,-82.562572,local,"Rockbridge, OH, USA"
Rossford,OH,41.604908,-83.563793,local,"Rossford, OH, USA"
Sandusky,OH,41.434878,-82.706330,local,"Sandusky, OH, USA"
Sardinia,OH,38.983232,-83.796649,local,"Sardinia, OH, USA"
Seville,OH,41.022731,-81.856199,local,"Seville, OH, USA"
Shelby,OH,40.878432,-82.654949,local,"Shelby, OH, USA"
Sidney,OH,40.287357,-84.162223,local,"Sidney, OH, USA"
South Vienna,OH,39.947320,-83.615704,local,"South Vienna, OH, USA"
Springfield,OH,39.924167,-83.808889,local,"Springfield, OH, USA"
Steubenville,OH,40.370638,-80.661150,local,"Steubenville, OH, USA"
Strasburg,OH,40.600280,-81.536646,local,"Strasburg, OH, USA"
Sunbury,OH,40.265499,-82.851051,local,"Sunbury, OH, USA"
Tiffin,OH,41.123822,-83.184356,local,"Tiffin, OH, USA"
Tipp City,OH,39.943577,-84.171501,local,"Tipp City, OH, USA"
Toledo,OH,41.642000,-83.543800,local,"Toledo, OH, USA"
Troy,OH,40.037394,-84.203151,local,"Troy, OH, USA"
Twinsburg,OH,41.328851,-81.455912,local,"Twinsburg, OH, USA"
Upper Sandusky,OH,40.824876,-83.297711,local,"Upper Sandusky, OH, USA"
Vandalia,OH,39.888273,-84.202266,local,"Vandalia, OH, USA"
Wadsworth,OH,41.038375,-81.737373,local,"Wadsworth, OH, USA"
Wapakoneta,OH,40.568978,-84.177378,local,"Wapakoneta, OH, USA"
Warren,OH,41.172426,-80.871806,local,"Warren, OH, USA"
Waterville,OH,41.502248,-83.733142,local,"Waterville, OH, USA"
Wauseon,OH,41.566796,-84.153745,local,"Wauseon, OH, USA"
Waverly,OH,39.126445,-83.004874,local,"Waverly, OH, USA"
West Unity,OH,41.575645,-84.442066,local,"West Unity, OH, USA"
Willard,OH,41.053056,-82.726389,local,"Willard, OH, USA"
Willoughby,OH,41.630229,-81.407619,local,"Willoughby, OH, USA"
Wilmington,OH,39.448788,-83.841653,local,"Wilmington, OH, USA"
Wooster,OH,40.809354,-81.948272,local,"Wooster, OH, USA"
Youngstown,OH,41.098600,-80.647400,local,"Youngstown, OH, USA"
Zanesville,OH,39.944265,-82.008898,local,"Zanesville, OH, USA"
Ada,OK,34.780044,-96.692360,local,"Ada, OK, USA"
Afton,OK,36.630072,-94.907491,local,"Afton, OK, USA"
Allen,OK,34.850176,-96.558462,local,"Allen, OK, USA"
Altus,OK,34.648406,-99.320483,local,"Altus, OK, USA"
Alva,OK,36.801564,-98.672162,local,"Alva, OK, USA"
Anadarko,OK,35.072808,-98.242910,local,"Anadarko, OK, USA"
Ardmore,OK,34.176681,-97.134157,local,"Ardmore, OK, USA"
Arnett,OK,36.120524,-99.732660,local,"Arnett, OK, USA"
Atoka,OK,34.344510,-96.141827,local,"Atoka, OK, USA"
Bartlesville,OK,36.743956,-95.992091,local,"Bartlesville, OK, USA"
Big Cabin,OK,36.607931,-95.274736,local,"Big Cabin, OK, USA"
Billings,OK,36.524609,-97.418889,local,"Billings, OK, USA"
Blackwell,OK,36.800574,-97.286695,local,"Blackwell, OK, USA"
Boise City,OK,36.728328,-102.535519,local,"Boise City, OK, USA"
Braman,OK,36.933054,-97.308231,local,"Braman, OK, USA"
Broken Arrow,OK,35.990812,-95.814332,local,"Broken Arrow, OK, USA"
Broken Bow,OK,34.026991,-94.762296,local,"Broken Bow, OK, USA"
Calera,OK,33.928872,-96.410205,local,"Calera, OK, USA"
Calumet,OK,35.594819,-98.189991,local,"Calumet, OK, USA"
CHANDLER,OK,35.704253,-96.858266,local,"Chandler, OK, USA"
Checotah,OK,35.435786,-95.535038,local,"Checotah, OK, USA"
Cherokee,OK,36.756376,-98.359375,local,"Cherokee, OK, USA"
Chickasha,OK,35.026751,-97.951847,local,"Chickasha, OK, USA"
Choctaw,OK,35.471758,-97.272564,local,"Choctaw, OK, USA"
Chouteau,OK,36.166924,-95.341574,local,"Chouteau, OK, USA"
Clinton,OK,35.511543,-98.979533,local,"Clinton, OK, USA"
Copan,OK,36.906181,-95.912987,local,"Copan, OK, USA"
Davis,OK,34.495301,-97.108430,local,"Davis, OK, USA"
Dewey,OK,36.801250,-95.934540,local,"Dewey, OK, USA"
Drumright,OK,35.993136,-96.519789,local,"Drumright, OK, USA"
Duncan,OK,34.507277,-97.940322,local,"Duncan, OK, USA"
Durant,OK,34.006090,-96.384705,local,"Durant, OK, USA"
Edmond,OK,35.680000,-97.530000,local,"Edmond, OK, USA"
El Reno,OK,35.533468,-97.959091,local,"El Reno, OK, USA"
Elk City,OK,35.410359,-99.421086,local,"Elk City, OK, USA"
Enid,OK,36.402842,-97.862257,local,"Enid, OK, USA"
Erick,OK,35.228586,-99.863463,local,"Erick, OK, USA"
Eufaula,OK,35.291140,-95.647227,local,"Eufaula, OK, USA"
Geary,OK,35.621709,-98.390529,local,"Geary, OK, USA"
Grant,OK,33.930239,-95.489324,local,"Grant, OK, USA"
Guthrie,OK,35.832955,-97.435995,local,"Guthrie, OK, USA"
Guymon,OK,36.696052,-101.477780,local,"Guymon, OK, USA"
Heavener,OK,34.835267,-94.618490,local,"Heavener, OK, USA"
Hennessey,OK,36.086848,-97.892595,local,"Hennessey, OK, USA"
Henryetta,OK,35.454476,-95.976187,local,"Henryetta, OK, USA"
Hinton,OK,35.467500,-98.331348,local,"Hinton, OK, USA"
Hooker,OK,36.847981,-101.190683,local,"Hooker, OK, USA"
Hugo,OK,34.011339,-95.513876,local,"Hugo, OK, USA"
Idabel,OK,33.885120,-94.802012,local,"Idabel, OK, USA"
Kingfisher,OK,35.863613,-97.947293,local,"Kingfisher, OK, USA"
Kiowa,OK,34.727755,-95.932836,local,"Kiowa, OK, USA"
Lawton,OK,34.591467,-98.369783,local,"Lawton, OK, USA"
Lindsay,OK,34.821116,-97.599788,local,"Lindsay, OK, USA"
Madill,OK,34.071260,-96.787258,local,"Madill, OK, USA"
Marietta,OK,33.943099,-97.114801,local,"Marietta, OK, USA"
Marlow,OK,34.638681,-97.940955,local,"Marlow, OK, USA"
McAlester,OK,34.926233,-95.759168,local,"Mcalester, OK, USA"
Muldrow,OK,35.401985,-94.633216,local,"Muldrow, OK, USA"
Muskogee,OK,35.730661,-95.375491,local,"Muskogee, OK, USA"
Newcastle,OK,35.245269,-97.621573,local,"Newcastle, OK, USA"
Newkirk,OK,36.887425,-97.051330,local,"Newkirk, OK, USA"
Ninnekah,OK,34.914350,-97.933277,local,"Ninnekah, OK, USA"
Norman,OK,35.221200,-97.444800,local,"Norman, OK, USA"
Nowata,OK,36.694565,-95.640421,local,"Nowata, OK, USA"
Okemah,OK,35.447516,-96.306788,local,"Okemah, OK, USA"
Oklahoma City,OK,35.333700,-97.492200,local,"Oklahoma City, OK, USA"
Okmulgee,OK,35.628805,-95.969670,local,"Okmulgee, OK, USA"
Oologah,OK,36.443723,-95.729010,local,"Oologah, OK, USA"
Pauls Valley,OK,34.738506,-97.219501,local,"Pauls Valley, OK, USA"
Pawnee,OK,36.336197,-96.792270,local,"Pawnee, OK, USA"
Perkins,OK,35.976840,-97.044059,local,"Perkins, OK, USA"
Perry,OK,36.287468,-97.284175,local,"Perry, OK, USA"
Poteau,OK,35.060561,-94.609603,local,"Poteau, OK, USA"
Pryor,OK,36.292112,-95.312942,local,"Pryor, OK, USA"
Randlett,OK,34.174045,-98.459974,local,"Randlett, OK, USA"
Red Rock,OK,36.474754,-97.164021,local,"Red Rock, OK, USA"
Roland,OK,35.453811,-94.529085,local,"Roland, OK, USA"
S Coffeyville,OK,36.983684,-95.606509,local,"S Coffeyville, OK, USA"
Sapulpa,OK,36.002970,-96.110610,local,"Sapulpa, OK, USA"
Sayre,OK,35.304722,-99.642928,local,"Sayre, OK, USA"
Seiling,OK,36.127823,-98.887460,local,"Seiling, OK, USA"
Seminole,OK,35.224444,-96.670278,local,"Seminole, OK, USA"
Shattuck,OK,36.288922,-99.879303,local,"Shattuck, OK, USA"
Shawnee,OK,35.349070,-96.931321,local,"Shawnee, OK, USA"
Springer,OK,34.303832,-97.122266,local,"Springer, OK, USA"
Stillwater,OK,36.104349,-97.060868,local,"Stillwater, OK, USA"
Stringtown,OK,34.467597,-96.000245,local,"Stringtown, OK, USA"
Stroud,OK,35.782389,-96.684377,local,"Stroud, OK, USA"
Texhoma,OK,36.525290,-101.839351,local,"Texhoma, OK, USA"
Thackerville,OK,33.788167,-97.136349,local,"Thackerville, OK, USA"
Thomas,OK,35.738165,-98.738842,local,"Thomas, OK, USA"
Tonkawa,OK,36.680620,-97.306340,local,"Tonkawa, OK, USA"
Tulsa,OK,36.055660,-96.060229,local,"Tulsa, OK, USA"
Tupelo,OK,34.559809,-96.427365,local,"Tupelo, OK, USA"
Union City,OK,35.391333,-97.939790,local,"Union City, OK, USA"
Valliant,OK,34.009056,-95.068625,local,"Valliant, OK, USA"
Vinita,OK,36.633353,-95.138164,local,"Vinita, OK, USA"
Walters,OK,34.360526,-98.313983,local,"Walters, OK, USA"
Warner,OK,35.494546,-95.306434,local,"Warner, OK, USA"
Watonga,OK,35.853762,-98.417487,local,"Watonga, OK, USA"
Watts,OK,36.115216,-94.634472,local,"Watts, OK, USA"
Waurika,OK,34.174466,-97.997346,local,"Waurika, OK, USA"
Weatherford,OK,35.535046,-98.699603,local,"Weatherford, OK, USA"
Webbers Falls,OK,35.513787,-95.165881,local,"Webbers Falls, OK, USA"
Welch,OK,36.902022,-95.129455,local,"Welch, OK, USA"
Woodward,OK,36.426784,-99.402016,local,"Woodward, OK, USA"
Wynnewood,OK,34.638470,-97.176952,local,"Wynnewood, OK, USA"
Yukon,OK,35.506667,-97.762222,local,"Yukon, OK, USA"
Albany,OR,44.627722,-123.094409,local,"Albany, OR, USA"
Aurora,OR,45.228432,-122.803881,local,"Aurora, OR, USA"
Baker City,OR,44.780102,-117.828631,local,"Baker City, OR, USA"
Boardman,OR,45.827165,-119.720570,local,"Boardman, OR, USA"
Halsey,OR,44.386151,-123.125103,local,"Halsey, OR, USA"
Hermiston,OR,45.844992,-119.284876,local,"Hermiston, OR, USA"
Huntington,OR,44.381113,-117.309691,local,"Huntington, OR, USA"
La Grande,OR,45.330435,-118.085228,local,"La Grande, OR, USA"
Madras,OR,44.637579,-121.134924,local,"Madras, OR, USA"
Ontario,OR,44.041560,-116.978268,local,"Ontario, OR, USA"
Pendleton,OR,45.660535,-118.783104,local,"Pendleton, OR, USA"
Portland,OR,45.442919,-122.615092,local,"Portland, OR, USA"
Salem,OR,44.926039,-122.979692,local,"Salem, OR, USA"
Stanfield,OR,45.785988,-119.211602,local,"Stanfield, OR, USA"
Troutdale,OR,45.525398,-122.373866,local,"Troutdale, OR, USA"
Umatilla,OR,45.915725,-119.313715,local,"Umatilla, OR, USA"
Wasco,OR,45.597447,-120.730356,local,"Wasco, OR, USA"
Alexandria,PA,40.549901,-78.107066,local,"Alexandria, PA, USA"
Allentown,PA,40.602729,-75.470955,local,"Allentown, PA, USA"
Altoona,PA,40.520945,-78.408901,local,"Altoona, PA, USA"
Annville,PA,40.345608,-76.544676,local,"Annville, PA, USA"
Ashland,PA,40.773231,-76.342972,local,"Ashland, PA, USA"
Avis,PA,41.184722,-77.314167,local,"Avis, PA, USA"
Baden,PA,40.641595,-80.198471,local,"Baden, PA, USA"
Bedford,PA,39.990838,-78.526071,local,"Bedford, PA, USA"
Bellefonte,PA,40.909377,-77.764200,local,"Bellefonte, PA, USA"
Bensalem,PA,40.110881,-74.937753,local,"Bensalem, PA, USA"
Bentleyville,PA,40.118702,-80.006987,local,"Bentleyville, PA, USA"
Bethel,PA,40.480834,-76.274209,local,"Bethel, PA, USA"
Blairsville,PA,40.441262,-79.253329,local,"Blairsville, PA, USA"
Blakeslee,PA,41.048502,-75.534309,local,"Blakeslee, PA, USA"
Bloomsburg,PA,41.011528,-76.438379,local,"Bloomsburg, PA, USA"
Blossburg,PA,41.669771,-77.079711,local,"Blossburg, PA, USA"
Bowmansville,PA,40.196667,-76.017778,local,"Bowmansville, PA, USA"
Breezewood,PA,39.990521,-78.245271,local,"Breezewood, PA, USA"
Brogue,PA,39.883044,-76.488236,local,"Brogue, PA, USA"
Brookville,PA,41.159986,-79.064101,local,"Brookville, PA, USA"
Carlisle,PA,40.203877,-77.199526,local,"Carlisle, PA, USA"
Chambersburg,PA,39.931318,-77.657928,local,"Chambersburg, PA, USA"
Clairton,PA,40.298917,-79.910096,local,"Clairton, PA, USA"
Claysburg,PA,40.329243,-78.479658,local,"Claysburg, PA, USA"
Clearfield,PA,41.021030,-78.443488,local,"Clearfield, PA, USA"
Cochranton,PA,41.520487,-80.057269,local,"Cochranton, PA, USA"
Coopersburg,PA,40.507553,-75.388778,local,"Coopersburg, PA, USA"
Coudersport,PA,41.781529,-78.003861,local,"Coudersport, PA, USA"
Crescent,PA,40.557500,-80.230278,local,"Crescent, PA, USA"
Croydon,PA,40.093322,-74.899077,local,"Croydon, PA, USA"
Dalton,PA,41.539496,-75.703737,local,"Dalton, PA, USA"
Donegal,PA,40.099613,-79.381043,local,"Donegal, PA, USA"
Douglassville,PA,40.270876,-75.739673,local,"Douglassville, PA, USA"
Drums,PA,41.025525,-75.976760,local,"Drums, PA, USA"
Du Bois,PA,41.126039,-78.752698,local,"Du Bois, PA, USA"
Duncannon,PA,40.408678,-77.047254,local,"Duncannon, PA, USA"
Duncansville,PA,40.426228,-78.438330,local,"Duncansville, PA, USA"
East Berlin,PA,39.964546,-77.007252,local,"East Berlin, PA, USA"
East Earl,PA,40.139475,-76.027634,local,"East Earl, PA, USA"
East Freedom,PA,40.328197,-78.447519,local,"East Freedom, PA, USA"
Ebensburg,PA,40.480105,-78.726294,local,"Ebensburg, PA, USA"
Eighty Four,PA,40.186821,-80.062695,local,"Eighty Four, PA, USA"
Elverson,PA,40.156781,-75.786563,local,"Elverson, PA, USA"
Emlenton,PA,41.202769,-79.746996,local,"Emlenton, PA, USA"
Erie,PA,42.125962,-80.086010,local,"Erie, PA, USA"
Etters,PA,40.154506,-76.801861,local,"Etters, PA, USA"
Everett,PA,40.009808,-78.371315,local,"Everett, PA, USA"
Fairless Hills,PA,40.174822,-74.851923,local,"Fairless Hills, PA, USA"
Falls Creek,PA,41.145505,-78.812791,local,"Falls Creek, PA, USA"
Fayetteville,PA,39.906543,-77.530960,local,"Fayetteville, PA, USA"
Feasterville Trevose,PA,40.151188,-74.983758,local,"Feasterville Trevose, PA, USA"
Fleetwood,PA,40.446766,-75.814400,local,"Fleetwood, PA, USA"
Gap,PA,40.002018,-75.997801,local,"Gap, PA, USA"
Gettysburg,PA,39.832044,-77.222313,local,"Gettysburg, PA, USA"
Gouldsboro,PA,41.244800,-75.503653,local,"Gouldsboro, PA, USA"
Greencastle,PA,39.781827,-77.746956,local,"Greencastle, PA, USA"
Greentown,PA,41.332145,-75.281911,local,"Greentown, PA, USA"
Hamburg,PA,40.548799,-75.987361,local,"Hamburg, PA, USA"
Harford,PA,41.779891,-75.678632,local,"Harford, PA, USA"
Harrisburg,PA,40.261767,-76.883079,local,"Harrisburg, PA, USA"
Harrisville,PA,41.163087,-79.979639,local,"Harrisville, PA, USA"
Hazleton,PA,40.962107,-75.978193,local,"Hazleton, PA, USA"
Hermitage,PA,41.232601,-80.453030,local,"Hermitage, PA, USA"
Hershey,PA,40.263767,-76.654518,local,"Hershey, PA, USA"
Jim Thorpe,PA,40.870002,-75.739665,local,"Jim Thorpe, PA, USA"
Jonestown,PA,40.436070,-76.503842,local,"Jonestown, PA, USA"
Kane,PA,41.661861,-78.797778,local,"Kane, PA, USA"
King Of Prussia,PA,40.102400,-75.478500,local,"King Of Prussia, PA, USA"
Kutztown,PA,40.521354,-75.777395,local,"Kutztown, PA, USA"
Lake Ariel,PA,41.439476,-75.431257,local,"Lake Ariel, PA, USA"
Lamar,PA,41.016111,-77.531389,local,"Lamar, PA, USA"
Lancaster,PA,40.075381,-76.319888,local,"Lancaster, PA, USA"
Lawrenceville,PA,41.978266,-77.113550,local,"Lawrenceville, PA, USA"
Lebanon,PA,40.335912,-76.425895,local,"Lebanon, PA, USA"
Leesport,PA,40.415216,-75.994421,local,"Leesport, PA, USA"
Leola,PA,40.096448,-76.192109,local,"Leola, PA, USA"
Levittown,PA,40.168142,-74.823138,local,"Levittown, PA, USA"
Liberty,PA,41.565571,-77.119505,local,"Liberty, PA, USA"
Lock Haven,PA,41.142497,-77.443588,local,"Lock Haven, PA, USA"
Loganton,PA,41.028317,-77.320397,local,"Loganton, PA, USA"
Loretto,PA,40.510484,-78.629357,local,"Loretto, PA, USA"
Manheim,PA,40.170229,-76.416794,local,"Manheim, PA, USA"
Marietta,PA,40.066442,-76.564527,local,"Marietta, PA, USA"
Mc Kees Rocks,PA,40.471742,-80.087567,local,"Mc Kees Rocks, PA, USA"
Mechanicsburg,PA,40.214167,-77.008889,local,"Mechanicsburg, PA, USA"
Mercersburg,PA,39.819519,-77.907259,local,"Mercersburg, PA, USA"
Middlebury Center,PA,41.891706,-77.314764,local,"Middlebury Center, PA, USA"
Middletown,PA,40.204086,-76.733127,local,"Middletown, PA, USA"
Mifflintown,PA,40.572666,-77.376119,local,"Mifflintown, PA, USA"
Mifflinville,PA,41.023473,-76.292396,local,"Mifflinville, PA, USA"
Milesburg,PA,40.941667,-77.785278,local,"Milesburg, PA, USA"
Mill Hall,PA,41.086688,-77.483609,local,"Mill Hall, PA, USA"
Milroy,PA,40.720330,-77.556739,local,"Milroy, PA, USA"
Milton,PA,41.016810,-76.839817,local,"Milton, PA, USA"
Monaca,PA,40.671847,-80.291743,local,"Monaca, PA, USA"
Monroeton,PA,41.699387,-76.500995,local,"Monroeton, PA, USA"
Monroeville,PA,40.429026,-79.762279,local,"Monroeville, PA, USA"
Morrisville,PA,40.212064,-74.822153,local,"Morrisville, PA, USA"
Mount Morris,PA,39.744289,-80.096763,local,"Mount Morris, PA, USA"
Mountain Top,PA,41.134975,-75.937642,local,"Mountain Top, PA, USA"
Mountville,PA,40.042742,-76.427694,local,"Mountville, PA, USA"
Muncy,PA,41.213715,-76.763258,local,"Muncy, PA, USA"
Myerstown,PA,40.378949,-76.314328,local,"Myerstown, PA, USA"
Nanty Glo,PA,40.470435,-78.837504,local,"Nanty Glo, PA, USA"
Natrona Heights,PA,40.628862,-79.725621,local,"Natrona Heights, PA, USA"
New Alexandria,PA,40.398112,-79.396594,local,"New Alexandria, PA, USA"
New Cumberland,PA,40.215105,-76.868909,local,"New Cumberland, PA, USA"
New Milford,PA,41.866409,-75.717113,local,"New Milford, PA, USA"
New Stanton,PA,40.223345,-79.618187,local,"New Stanton, PA, USA"
Newburg,PA,40.133330,-77.566915,local,"Newburg, PA, USA"
North East,PA,42.200793,-79.833179,local,"North East, PA, USA"
Orwigsburg,PA,40.643071,-76.083999,local,"Orwigsburg, PA, USA"
Perryopolis,PA,40.085724,-79.754384,local,"Perryopolis, PA, USA"
Philadelphia,PA,39.864998,-75.275196,local,"Philadelphia, PA, USA"
Pine Grove,PA,40.567093,-76.326913,local,"Pine Grove, PA, USA"
Pittsburgh,PA,40.474536,-79.952524,local,"Pittsburgh, PA, USA"
Pittston,PA,41.317501,-75.788492,local,"Pittston, PA, USA"
Plainfield,PA,40.203056,-77.290278,local,"Plainfield, PA, USA"
Portersville,PA,40.948651,-80.172965,local,"Portersville, PA, USA"
Reedsville,PA,40.672189,-77.611589,local,"Reedsville, PA, USA"
Ronks,PA,40.020754,-76.166132,local,"Ronks, PA, USA"
Saint Thomas,PA,39.924052,-77.790800,local,"Saint Thomas, PA, USA"
Sayre,PA,41.984222,-76.521757,local,"Sayre, PA, USA"
Sharon Hill,PA,39.903511,-75.269524,local,"Sharon Hill, PA, USA"
Shippensburg,PA,40.051359,-77.519477,local,"Shippensburg, PA, USA"
Shippenville,PA,41.247491,-79.433199,local,"Shippenville, PA, USA"
Shoemakersville,PA,40.495495,-75.960313,local,"Shoemakersville, PA, USA"
Slippery Rock,PA,41.045412,-80.046847,local,"Slippery Rock, PA, USA"
Smithton,PA,40.144267,-79.731277,local,"Smithton, PA, USA"
Snow Shoe,PA,41.037581,-77.952280,local,"Snow Shoe, PA, USA"
Somerset,PA,40.024813,-79.080814,local,"Somerset, PA, USA"
Stockertown,PA,40.753889,-75.262500,local,"Stockertown, PA, USA"
Strasburg,PA,39.970075,-76.184824,local,"Strasburg, PA, USA"
Tafton,PA,41.369445,-75.101598,local,"Tafton, PA, USA"
Tamaqua,PA,40.798319,-75.973530,local,"Tamaqua, PA, USA"
Towanda,PA,41.763758,-76.464527,local,"Towanda, PA, USA"
Troy,PA,41.778150,-76.771143,local,"Troy, PA, USA"
Tunkhannock,PA,41.550687,-75.941043,local,"Tunkhannock, PA, USA"
Uniontown,PA,39.889733,-79.728216,local,"Uniontown, PA, USA"
Verona,PA,40.492727,-79.834535,local,"Verona, PA, USA"
Warren,PA,41.845265,-79.142860,local,"Warren, PA, USA"
Waterfall,PA,40.073871,-78.047708,local,"Waterfall, PA, USA"
Wayne,PA,40.043500,-75.388000,local,"Wayne, PA, USA"
Waynesburg,PA,39.891691,-80.179524,local,"Waynesburg, PA, USA"
White Haven,PA,41.079049,-75.771492,local,"White Haven, PA, USA"
Wrightsville,PA,39.996559,-76.526971,local,"Wrightsville, PA, USA"
Wysox,PA,41.782621,-76.383397,local,"Wysox, PA, USA"
York,PA,39.963539,-76.726887,local,"York, PA, USA"
York Springs,PA,40.008390,-77.106136,local,"York Springs, PA, USA"
Johnston,RI,41.826431,-71.497646,local,"Johnston, RI, USA"
West Greenwich,RI,41.639977,-71.643549,local,"West Greenwich, RI, USA"
Abbeville,SC,34.181860,-82.378452,local,"Abbeville, SC, USA"
Aiken,SC,33.553024,-81.719429,local,"Aiken, SC, USA"
Anderson,SC,34.526051,-82.630436,local,"Anderson, SC, USA"
Aynor,SC,33.982271,-79.177730,local,"Aynor, SC, USA"
Batesburg,SC,33.938595,-81.548988,local,"Batesburg, SC, USA"
Beech Island,SC,33.427222,-81.891111,local,"Beech Island, SC, USA"
Bennettsville,SC,34.625501,-79.689826,local,"Bennettsville, SC, USA"
Bishopville,SC,34.224101,-80.274988,local,"Bishopville, SC, USA"
Blacksburg,SC,35.115047,-81.508004,local,"Blacksburg, SC, USA"
Blythewood,SC,34.191112,-80.975756,local,"Blythewood, SC, USA"
Bowman,SC,33.347466,-80.670868,local,"Bowman, SC, USA"
Branchville,SC,33.262802,-80.805931,local,"Branchville, SC, USA"
Campobello,SC,35.108003,-82.140343,local,"Campobello, SC, USA"
Cayce,SC,33.962567,-81.067084,local,"Cayce, SC, USA"
Charleston,SC,32.962223,-79.865330,local,"Charleston, SC, USA"
Chesnee,SC,35.115398,-81.867827,local,"Chesnee, SC, USA"
Clinton,SC,34.470692,-81.877170,local,"Clinton, SC, USA"
Columbia,SC,34.072613,-81.179617,local,"Columbia, SC, USA"
Conway,SC,33.873066,-79.055712,local,"Conway, SC, USA"
Cowpens,SC,35.038979,-81.822019,local,"Cowpens, SC, USA"
Darlington,SC,34.300294,-79.873221,local,"Darlington, SC, USA"
Dillon,SC,34.414553,-79.377015,local,"Dillon, SC, USA"
Duncan,SC,34.917645,-82.125821,local,"Duncan, SC, USA"
Elgin,SC,34.161963,-80.811292,local,"Elgin, SC, USA"
Enoree,SC,34.670952,-81.923730,local,"Enoree, SC, USA"
Fair Play,SC,34.577548,-82.999874,local,"Fair Play, SC, USA"
Florence,SC,34.183750,-79.772786,local,"Florence, SC, USA"
Fort Mill,SC,35.007370,-80.945076,local,"Fort Mill, SC, USA"
Fountain Inn,SC,34.653334,-82.264593,local,"Fountain Inn, SC, USA"
Gaffney,SC,35.061508,-81.649061,local,"Gaffney, SC, USA"
Gaston,SC,33.833712,-81.117395,local,"Gaston, SC, USA"
Georgetown,SC,33.430776,-79.323459,local,"Georgetown, SC, USA"
Gilbert,SC,33.958050,-81.391360,local,"Gilbert, SC, USA"
Graniteville,SC,33.563016,-81.814686,local,"Graniteville, SC, USA"
Greenville,SC,34.847165,-82.406049,local,"Greenville, SC, USA"
Greenwood,SC,34.175802,-82.156211,local,"Greenwood, SC, USA"
Greer,SC,34.896800,-82.267442,local,"Greer, SC, USA"
Hardeeville,SC,32.263512,-81.066865,local,"Hardeeville, SC, USA"
Harleyville,SC,33.220511,-80.450094,local,"Harleyville, SC, USA"
Hartsville,SC,34.375616,-80.084237,local,"Hartsville, SC, USA"
Hemingway,SC,33.741887,-79.448895,local,"Hemingway, SC, USA"
Honea Path,SC,34.441723,-82.425471,local,"Honea Path, SC, USA"
Inman,SC,35.052795,-82.054013,local,"Inman, SC, USA"
Jamestown,SC,33.228797,-79.715551,local,"Jamestown, SC, USA"
Johns Island,SC,32.709697,-80.094294,local,"Johns Island, SC, USA"
Ladson,SC,32.993019,-80.125701,local,"Ladson, SC, USA"
Lancaster,SC,34.749006,-80.761576,local,"Lancaster, SC, USA"
Latta,SC,34.339829,-79.441704,local,"Latta, SC, USA"
Laurens,SC,34.500714,-82.026774,local,"Laurens, SC, USA"
Leesville,SC,33.913169,-81.459753,local,"Leesville, SC, USA"
Lexington,SC,33.981389,-81.236389,local,"Lexington, SC, USA"
Longs,SC,33.906408,-78.793359,local,"Longs, SC, USA"
Loris,SC,34.055756,-78.916096,local,"Loris, SC, USA"
Lugoff,SC,34.229610,-80.714712,local,"Lugoff, SC, USA"
Manning,SC,33.667716,-80.222078,local,"Manning, SC, USA"
Marion,SC,34.156195,-79.389822,local,"Marion, SC, USA"
Moncks Corner,SC,33.163071,-80.036576,local,"Moncks Corner, SC, USA"
Newberry,SC,34.284661,-81.615741,local,"Newberry, SC, USA"
North Augusta,SC,33.517766,-81.934794,local,"North Augusta, SC, USA"
North Charleston,SC,33.056200,-80.075900,local,"North Charleston, SC, USA"
Orangeburg,SC,33.502545,-80.859282,local,"Orangeburg, SC, USA"
Pageland,SC,34.772193,-80.396615,local,"Pageland, SC, USA"
Pelzer,SC,34.646063,-82.467334,local,"Pelzer, SC, USA"
Piedmont,SC,34.724433,-82.470216,local,"Piedmont, SC, USA"
Prosperity,SC,34.183243,-81.532353,local,"Prosperity, SC, USA"
Ravenel,SC,32.788088,-80.222346,local,"Ravenel, SC, USA"
Richburg,SC,34.682185,-80.989061,local,"Richburg, SC, USA"
Rock Hill,SC,34.915068,-81.012904,local,"Rock Hill, SC, USA"
Roebuck,SC,34.868800,-81.952550,local,"Roebuck, SC, USA"
Round O,SC,32.940516,-80.573882,local,"Round O, SC, USA"
Saint George,SC,33.184532,-80.573246,local,"Saint George, SC, USA"
Saint Matthews,SC,33.694212,-80.856286,local,"Saint Matthews, SC, USA"
Saint Stephen,SC,33.405953,-79.937635,local,"Saint Stephen, SC, USA"
Simpsonville,SC,34.736944,-82.254444,local,"Simpsonville, SC, USA"
Society Hill,SC,34.451161,-79.886494,local,"Society Hill, SC, USA"
Spartanburg,SC,34.935211,-81.965377,local,"Spartanburg, SC, USA"
Summerton,SC,33.594578,-80.360566,local,"Summerton, SC, USA"
Summerville,SC,33.028045,-80.173852,local,"Summerville, SC, USA"
Sumter,SC,33.928199,-80.321008,local,"Sumter, SC, USA"
Timmonsville,SC,34.101241,-79.937845,local,"Timmonsville, SC, USA"
Townville,SC,34.522638,-82.896330,local,"Townville, SC, USA"
Travelers Rest,SC,35.003929,-82.427179,local,"Travelers Rest, SC, USA"
Trenton,SC,33.693757,-81.853392,local,"Trenton, SC, USA"
Walterboro,SC,32.897367,-80.679225,local,"Walterboro, SC, USA"
West Columbia,SC,33.995024,-81.088836,local,"West Columbia, SC, USA"
Williston,SC,33.392608,-81.416146,local,"Williston, SC, USA"
Winnsboro,SC,34.381008,-81.108990,local,"Winnsboro, SC, USA"
Yemassee,SC,32.642983,-80.812932,local,"Yemassee, SC, USA"
Aberdeen,SD,45.466109,-98.485642,local,"Aberdeen, SD, USA"
Belle Fourche,SD,44.672281,-103.839601,local,"Belle Fourche, SD, USA"
Beresford,SD,43.087409,-96.781256,local,"Beresford, SD, USA"
Blunt,SD,44.502572,-99.946278,local,"Blunt, SD, USA"
Box Elder,SD,44.119858,-103.068237,local,"Box Elder, SD, USA"
Brandon,SD,43.596413,-96.578201,local,"Brandon, SD, USA"
Brookings,SD,44.305619,-96.791408,local,"Brookings, SD, USA"
Burbank,SD,42.763798,-96.846569,local,"Burbank, SD, USA"
Chamberlain,SD,43.795295,-99.311819,local,"Chamberlain, SD, USA"
Colman,SD,43.955761,-96.818882,local,"Colman, SD, USA"
Elk Point,SD,42.738219,-96.686954,local,"Elk Point, SD, USA"
Fort Pierre,SD,44.342587,-100.404323,local,"Fort Pierre, SD, USA"
Freeman,SD,43.360501,-97.460073,local,"Freeman, SD, USA"
Harrisburg,SD,43.446021,-96.686389,local,"Harrisburg, SD, USA"
Hartford,SD,43.615472,-96.950052,local,"Hartford, SD, USA"
Hermosa,SD,43.818845,-103.205960,local,"Hermosa, SD, USA"
Hot Springs,SD,43.422308,-103.476555,local,"Hot Springs, SD, USA"
Huron,SD,44.359022,-98.216293,local,"Huron, SD, USA"
Kadoka,SD,43.844570,-101.552272,local,"Kadoka, SD, USA"
Kimball,SD,43.712881,-98.934305,local,"Kimball, SD, USA"
Lennox,SD,43.345066,-96.882061,local,"Lennox, SD, USA"
Milbank,SD,45.206127,-96.625480,local,"Milbank, SD, USA"
Mitchell,SD,43.710921,-98.027026,local,"Mitchell, SD, USA"
Murdo,SD,43.896115,-100.712107,local,"Murdo, SD, USA"
New Underwood,SD,44.087354,-102.813635,local,"New Underwood, SD, USA"
North Sioux City,SD,42.532706,-96.507610,local,"North Sioux City, SD, USA"
Piedmont,SD,44.228744,-103.368818,local,"Piedmont, SD, USA"
Pierre,SD,44.369514,-100.321057,local,"Pierre, SD, USA"
Plankinton,SD,43.737287,-98.469395,local,"Plankinton, SD, USA"
Rapid City,SD,44.077041,-103.200259,local,"Rapid City, SD, USA"
Selby,SD,45.478587,-100.054067,local,"Selby, SD, USA"
Sioux Falls,SD,43.488000,-96.734300,local,"Sioux Falls, SD, USA"
Spencer,SD,43.755684,-97.593610,local,"Spencer, SD, USA"
Summit,SD,45.352128,-97.042654,local,"Summit, SD, USA"
Tea,SD,43.471114,-96.817734,local,"Tea, SD, USA"
Vivian,SD,43.953520,-100.285989,local,"Vivian, SD, USA"
Volga,SD,44.322354,-96.925148,local,"Volga, SD, USA"
Watertown,SD,44.904295,-97.123977,local,"Watertown, SD, USA"
Winfred,SD,43.959511,-97.309266,local,"Winfred, SD, USA"
Wolsey,SD,44.399072,-98.474251,local,"Wolsey, SD, USA"
Yankton,SD,42.882086,-97.398624,local,"Yankton, SD, USA"
Antioch,TN,36.060000,-86.672222,local,"Antioch, TN, USA"
Ardmore,TN,35.057445,-86.879555,local,"Ardmore, TN, USA"
Athens,TN,35.457389,-84.604261,local,"Athens, TN, USA"
Baxter,TN,36.124917,-85.637766,local,"Baxter, TN, USA"
Bristol,TN,36.568643,-82.181864,local,"Bristol, TN, USA"
Bulls Gap,TN,36.325707,-83.031490,local,"Bulls Gap, TN, USA"
Cedar Grove,TN,35.861261,-88.551702,local,"Cedar Grove, TN, USA"
Charleston,TN,35.255644,-84.766639,local,"Charleston, TN, USA"
Chattanooga,TN,35.045500,-85.308100,local,"Chattanooga, TN, USA"
Christiana,TN,35.740877,-86.407932,local,"Christiana, TN, USA"
Clarksville,TN,36.522014,-87.348997,local,"Clarksville, TN, USA"
Cleveland,TN,35.131257,-84.875006,local,"Cleveland, TN, USA"
Clinton,TN,36.086880,-84.189735,local,"Clinton, TN, USA"
Columbia,TN,35.615577,-87.038032,local,"Columbia, TN, USA"
Cookeville,TN,36.174261,-85.495310,local,"Cookeville, TN, USA"
Cornersville,TN,35.340880,-86.828620,local,"Cornersville, TN, USA"
Cross Plains,TN,36.553068,-86.676088,local,"Cross Plains, TN, USA"
Crossville,TN,35.944041,-85.017171,local,"Crossville, TN, USA"
Crump,TN,35.221641,-88.335641,local,"Crump, TN, USA"
Cumberland City,TN,36.366924,-87.634940,local,"Cumberland City, TN, USA"
Dandridge,TN,36.001798,-83.404435,local,"Dandridge, TN, USA"
Dayton,TN,35.500186,-85.013455,local,"Dayton, TN, USA"
Denmark,TN,35.557059,-88.975892,local,"Denmark, TN, USA"
Dickson,TN,36.076014,-87.399532,local,"Dickson, TN, USA"
Dyersburg,TN,36.044447,-89.383644,local,"Dyersburg, TN, USA"
Fairview,TN,35.975528,-87.132065,local,"Fairview, TN, USA"
Fayetteville,TN,35.152678,-86.566448,local,"Fayetteville, TN, USA"
Franklin,TN,35.932782,-86.878833,local,"Franklin, TN, USA"
Goodlettsville,TN,36.323056,-86.713333,local,"Goodlettsville, TN, USA"
Gordonsville,TN,36.184317,-86.000818,local,"Gordonsville, TN, USA"
Greeneville,TN,36.160807,-82.833136,local,"Greeneville, TN, USA"
Hartford,TN,35.825597,-83.099642,local,"Hartford, TN, USA"
Heiskell,TN,36.115027,-84.043826,local,"Heiskell, TN, USA"
Hillsboro,TN,35.369933,-85.972422,local,"Hillsboro, TN, USA"
Holladay,TN,35.895143,-88.091183,local,"Holladay, TN, USA"
Hurricane Mills,TN,35.974859,-87.767129,local,"Hurricane Mills, TN, USA"
Jackson,TN,35.610222,-88.814011,local,"Jackson, TN, USA"
Jasper,TN,35.066603,-85.614737,local,"Jasper, TN, USA"
Joelton,TN,36.328974,-86.916306,local,"Joelton, TN, USA"
Kingsport,TN,36.552766,-82.554034,local,"Kingsport, TN, USA"
Kingston,TN,35.852807,-84.497054,local,"Kingston, TN, USA"
Kingston Springs,TN,36.095324,-87.115646,local,"Kingston Springs, TN, USA"
Knoxville,TN,35.960900,-83.918900,local,"Knoxville, TN, USA"
Kodak,TN,35.972215,-83.617111,local,"Kodak, TN, USA"
La Vergne,TN,36.012714,-86.559969,local,"La Vergne, TN, USA"
Lawrenceburg,TN,35.250668,-87.352582,local,"Lawrenceburg, TN, USA"
Lebanon,TN,36.209792,-86.302367,local,"Lebanon, TN, USA"
Lenoir City,TN,35.810391,-84.266501,local,"Lenoir City, TN, USA"
Loudon,TN,35.729211,-84.343620,local,"Loudon, TN, USA"
Manchester,TN,35.481667,-86.088611,local,"Manchester, TN, USA"
Maryville,TN,35.782449,-83.914541,local,"Maryville, TN, USA"
Mason,TN,35.438012,-89.551805,local,"Mason, TN, USA"
Mc Donald,TN,35.086902,-84.989198,local,"Mc Donald, TN, USA"
Memphis,TN,35.033700,-89.934300,local,"Memphis, TN, USA"
Monteagle,TN,35.240172,-85.822795,local,"Monteagle, TN, USA"
Morrison,TN,35.600020,-85.889895,local,"Morrison, TN, USA"
Morristown,TN,36.195672,-83.275519,local,"Morristown, TN, USA"
Mosheim,TN,36.183883,-82.967399,local,"Mosheim, TN, USA"
Mount Juliet,TN,36.200000,-86.518611,local,"Mount Juliet, TN, USA"
Murfreesboro,TN,35.791300,-86.357000,local,"Murfreesboro, TN, USA"
Nashville,TN,36.167028,-86.778441,local,"Nashville, TN, USA"
Newport,TN,35.954431,-83.202749,local,"Newport, TN, USA"
Niota,TN,35.581924,-84.572150,local,"Niota, TN, USA"
Paris,TN,36.300519,-88.309328,local,"Paris, TN, USA"
Pioneer,TN,36.469465,-84.290672,local,"Pioneer, TN, USA"
Pleasant View,TN,36.378281,-87.039480,local,"Pleasant View, TN, USA"
Portland,TN,36.567306,-86.505923,local,"Portland, TN, USA"
Pulaski,TN,35.209274,-87.039263,local,"Pulaski, TN, USA"
Ramer,TN,35.064181,-88.601733,local,"Ramer, TN, USA"
Ripley,TN,35.752651,-89.534975,local,"Ripley, TN, USA"
Selmer,TN,35.169124,-88.595832,local,"Selmer, TN, USA"
Smyrna,TN,35.965611,-86.504818,local,"Smyrna, TN, USA"
Stanton,TN,35.448171,-89.332630,local,"Stanton, TN, USA"
Sweetwater,TN,35.595703,-84.430424,local,"Sweetwater, TN, USA"
Tazewell,TN,36.471012,-83.555219,local,"Tazewell, TN, USA"
Unicoi,TN,36.206585,-82.321957,local,"Unicoi, TN, USA"
Union City,TN,36.426311,-89.066662,local,"Union City, TN, USA"
White House,TN,36.460048,-86.670524,local,"White House, TN, USA"
White Pine,TN,36.090299,-83.287921,local,"White Pine, TN, USA"
Wildersville,TN,35.769772,-88.438794,local,"Wildersville, TN, USA"
Abbott,TX,31.891642,-97.067146,local,"Abbott, TX, USA"
Abilene,TX,32.468155,-99.718208,local,"Abilene, TX, USA"
Aledo,TX,32.700351,-97.603885,local,"Aledo, TX, USA"
Alice,TX,27.743171,-98.083622,local,"Alice, TX, USA"
Alvarado,TX,32.439499,-97.212971,local,"Alvarado, TX, USA"
Alvord,TX,33.369820,-97.688488,local,"Alvord, TX, USA"
Amarillo,TX,35.203238,-101.842052,local,"Amarillo, TX, USA"
Anahuac,TX,29.780987,-94.554819,local,"Anahuac, TX, USA"
Andrews,TX,32.320125,-102.540926,local,"Andrews, TX, USA"
Anna,TX,33.344516,-96.563862,local,"Anna, TX, USA"
Anthony,TX,31.990718,-106.597625,local,"Anthony, TX, USA"
Asherton,TX,28.436421,-99.748611,local,"Asherton, TX, USA"
Aspermont,TX,33.130059,-100.234372,local,"Aspermont, TX, USA"
Aubrey,TX,33.291997,-96.987866,local,"Aubrey, TX, USA"
Austin,TX,30.210692,-97.942749,local,"Austin, TX, USA"
Azle,TX,32.892500,-97.536667,local,"Azle, TX, USA"
Baird,TX,32.391557,-99.377660,local,"Baird, TX, USA"
Ballinger,TX,31.746836,-99.958927,local,"Ballinger, TX, USA"
Bangs,TX,31.768388,-99.107657,local,"Bangs, TX, USA"
Bastrop,TX,30.138830,-97.292101,local,"Bastrop, TX, USA"
Beaumont,TX,30.068805,-94.103896,local,"Beaumont, TX, USA"
Beeville,TX,28.422246,-97.761571,local,"Beeville, TX, USA"
Belton,TX,31.072298,-97.472025,local,"Belton, TX, USA"
Benjamin,TX,33.583889,-99.791944,local,"Benjamin, TX, USA"
Big Lake,TX,31.240592,-101.478776,local,"Big Lake, TX, USA"
Big Spring,TX,32.241767,-101.467517,local,"Big Spring, TX, USA"
Blanco,TX,30.087359,-98.410663,local,"Blanco, TX, USA"
Bogata,TX,33.469862,-95.193725,local,"Bogata, TX, USA"
Borger,TX,35.664299,-101.403245,local,"Borger, TX, USA"
Bowie,TX,33.556796,-97.837337,local,"Bowie, TX, USA"
Brady,TX,31.128304,-99.337200,local,"Brady, TX, USA"
Breckenridge,TX,32.753166,-98.909882,local,"Breckenridge, TX, USA"
Brenham,TX,30.177360,-96.402769,local,"Brenham, TX, USA"
Bridgeport,TX,33.187027,-97.780980,local,"Bridgeport, TX, USA"
Bronte,TX,31.878939,-100.298765,local,"Bronte, TX, USA"
Brownfield,TX,33.169801,-102.276157,local,"Brownfield, TX, USA"
Brownsville,TX,25.933743,-97.517413,local,"Brownsville, TX, USA"
Brownwood,TX,31.704658,-98.975164,local,"Brownwood, TX, USA"
Bryan,TX,30.632698,-96.366160,local,"Bryan, TX, USA"
Buda,TX,30.091758,-97.853422,local,"Buda, TX, USA"
Buffalo,TX,31.457151,-96.058516,local,"Buffalo, TX, USA"
Buna,TX,30.413209,-93.991263,local,"Buna, TX, USA"
Burnet,TX,30.776597,-98.264240,local,"Burnet, TX, USA"
Caddo Mills,TX,33.068267,-96.239093,local,"Caddo Mills, TX, USA"
Caldwell,TX,30.529819,-96.714292,local,"Caldwell, TX, USA"
Cameron,TX,30.852713,-96.976562,local,"Cameron, TX, USA"
Canadian,TX,35.885906,-100.353875,local,"Canadian, TX, USA"
Canton,TX,32.514301,-95.904657,local,"Canton, TX, USA"
Canutillo,TX,31.934379,-106.592888,local,"Canutillo, TX, USA"
Canyon,TX,34.977222,-101.924705,local,"Canyon, TX, USA"
Carrizo Springs,TX,28.527790,-99.863513,local,"Carrizo Springs, TX, USA"
Carrollton,TX,32.965736,-96.882464,local,"Carrollton, TX, USA"
Carthage,TX,32.154379,-94.352721,local,"Carthage, TX, USA"
Castroville,TX,29.355320,-98.882391,local,"Castroville, TX, USA"
Catarina,TX,28.345278,-99.613056,local,"Catarina, TX, USA"
Cedar Creek,TX,30.096636,-97.497602,local,"Cedar Creek, TX, USA"
Centerville,TX,31.272025,-95.921287,local,"Centerville, TX, USA"
Chappell Hill,TX,30.183271,-96.234739,local,"Chappell Hill, TX, USA"
Childress,TX,34.428124,-100.210170,local,"Childress, TX, USA"
Chillicothe,TX,34.243946,-99.515669,local,"Chillicothe, TX, USA"
Cisco,TX,32.380043,-98.986507,local,"Cisco, TX, USA"
Clarendon,TX,34.952878,-100.895157,local,"Clarendon, TX, USA"
Claude,TX,35.096715,-101.381271,local,"Claude, TX, USA"
Clifton,TX,31.799689,-97.515282,local,"Clifton, TX, USA"
Clint,TX,31.549418,-106.203830,local,"Clint, TX, USA"
Clyde,TX,32.380289,-99.518445,local,"Clyde, TX, USA"
Coleman,TX,31.828651,-99.427007,local,"Coleman, TX, USA"
Colorado City,TX,32.398736,-100.860948,local,"Colorado City, TX, USA"
Comanche,TX,31.911637,-98.608227,local,"Comanche, TX, USA"
Combes,TX,26.248333,-97.733611,local,"Combes, TX, USA"
Comfort,TX,29.979072,-98.843772,local,"Comfort, TX, USA"
Converse,TX,29.517331,-98.321673,local,"Converse, TX, USA"
Corpus Christi,TX,27.794086,-97.402994,local,"Corpus Christi, TX, USA"
Corrigan,TX,31.000657,-94.795900,local,"Corrigan, TX, USA"
Corsicana,TX,32.032200,-96.348300,local,"Corsicana, TX, USA"
Cotulla,TX,28.439837,-99.232818,local,"Cotulla, TX, USA"
Crane,TX,31.396949,-102.354382,local,"Crane, TX, USA"
Cross Plains,TX,32.148159,-99.187180,local,"Cross Plains, TX, USA"
Crowell,TX,33.991208,-99.698345,local,"Crowell, TX, USA"
Cuero,TX,29.090969,-97.281247,local,"Cuero, TX, USA"
Daingerfield,TX,33.031263,-94.735899,local,"Daingerfield, TX, USA"
Dalhart,TX,36.073183,-102.517658,local,"Dalhart, TX, USA"
Dallas,TX,32.996848,-96.792113,local,"Dallas, TX, USA"
De Leon,TX,32.108742,-98.548940,local,"De Leon, TX, USA"
Decatur,TX,33.235077,-97.573995,local,"Decatur, TX, USA"
Del Rio,TX,29.373881,-100.891555,local,"Del Rio, TX, USA"
Denison,TX,33.745009,-96.549574,local,"Denison, TX, USA"
Denton,TX,33.228930,-97.131436,local,"Denton, TX, USA"
Denver City,TX,32.971114,-102.831251,local,"Denver City, TX, USA"
Devine,TX,29.152078,-98.908994,local,"Devine, TX, USA"
Diboll,TX,31.195028,-94.772911,local,"Diboll, TX, USA"
Dilley,TX,28.678201,-99.174684,local,"Dilley, TX, USA"
Donna,TX,26.167138,-98.052925,local,"Donna, TX, USA"
Dripping Springs,TX,30.226768,-98.102947,local,"Dripping Springs, TX, USA"
Dublin,TX,32.090873,-98.345469,local,"Dublin, TX, USA"
Dumas,TX,35.882315,-101.967984,local,"Dumas, TX, USA"
Eagle Pass,TX,28.702786,-100.481760,local,"Eagle Pass, TX, USA"
Early,TX,31.741944,-98.945278,local,"Early, TX, USA"
Eastland,TX,32.399418,-98.807101,local,"Eastland, TX, USA"
Eden,TX,31.219219,-99.840658,local,"Eden, TX, USA"
Edinburg,TX,26.304221,-98.156922,local,"Edinburg, TX, USA"
El Paso,TX,31.758411,-106.478311,local,"El Paso, TX, USA"
Electra,TX,34.036234,-98.915450,local,"Electra, TX, USA"
Elgin,TX,30.323136,-97.373748,local,"Elgin, TX, USA"
Elmendorf,TX,29.230793,-98.371982,local,"Elmendorf, TX, USA"
Encinal,TX,28.051329,-99.340902,local,"Encinal, TX, USA"
Ennis,TX,32.332102,-96.622363,local,"Ennis, TX, USA"
Fabens,TX,31.502222,-106.158056,local,"Fabens, TX, USA"
Fairfield,TX,31.736136,-96.157176,local,"Fairfield, TX, USA"
Falfurrias,TX,27.224160,-98.140844,local,"Falfurrias, TX, USA"
Flatonia,TX,29.709493,-97.098685,local,"Flatonia, TX, USA"
Floresville,TX,29.169338,-98.193589,local,"Floresville, TX, USA"
Fort Stockton,TX,30.890785,-102.879942,local,"Fort Stockton, TX, USA"
Fort Worth,TX,32.746900,-97.326800,local,"Fort Worth, TX, USA"
Franklin,TX,31.035013,-96.442643,local,"Franklin, TX, USA"
Freer,TX,27.879984,-98.606129,local,"Freer, TX, USA"
Friona,TX,34.640298,-102.719139,local,"Friona, TX, USA"
Fritch,TX,35.644121,-101.584482,local,"Fritch, TX, USA"
Gainesville,TX,33.625943,-97.103208,local,"Gainesville, TX, USA"
Garland,TX,32.922744,-96.624804,local,"Garland, TX, USA"
Gatesville,TX,31.447646,-97.724286,local,"Gatesville, TX, USA"
George West,TX,28.320388,-98.116159,local,"George West, TX, USA"
Georgetown,TX,30.633038,-97.670704,local,"Georgetown, TX, USA"
Giddings,TX,30.177725,-96.933220,local,"Giddings, TX, USA"
Glen Rose,TX,32.229762,-97.762911,local,"Glen Rose, TX, USA"
Godley,TX,32.428174,-97.534865,local,"Godley, TX, USA"
Goldthwaite,TX,31.445769,-98.574405,local,"Goldthwaite, TX, USA"
Gonzales,TX,29.508570,-97.449456,local,"Gonzales, TX, USA"
Gordon,TX,32.547828,-98.363211,local,"Gordon, TX, USA"
Granbury,TX,32.425050,-97.774173,local,"Granbury, TX, USA"
Grand Prairie,TX,32.764880,-97.011210,local,"Grand Prairie, TX, USA"
Haltom City,TX,32.808742,-97.270891,local,"Haltom City, TX, USA"
Hamilton,TX,31.678116,-98.113051,local,"Hamilton, TX, USA"
Hamshire,TX,29.866769,-94.318739,local,"Hamshire, TX, USA"
Hankamer,TX,29.875240,-94.593846,local,"Hankamer, TX, USA"
Harlingen,TX,26.195142,-97.688981,local,"Harlingen, TX, USA"
Harrold,TX,34.097097,-99.035052,local,"Harrold, TX, USA"
Haskell,TX,33.157993,-99.730923,local,"Haskell, TX, USA"
Haslet,TX,32.955734,-97.337185,local,"Haslet, TX, USA"
Hawley,TX,32.594965,-99.795994,local,"Hawley, TX, USA"
Hearne,TX,30.866860,-96.584256,local,"Hearne, TX, USA"
Hebbronville,TX,27.299700,-98.682888,local,"Hebbronville, TX, USA"
Henrietta,TX,33.819609,-98.259976,local,"Henrietta, TX, USA"
Hereford,TX,34.837037,-102.405030,local,"Hereford, TX, USA"
Hermleigh,TX,32.629441,-100.754714,local,"Hermleigh, TX, USA"
Hewitt,TX,31.458166,-97.196556,local,"Hewitt, TX, USA"
Hidalgo,TX,26.102832,-98.253641,local,"Hidalgo, TX, USA"
Hillsboro,TX,32.014942,-97.119791,local,"Hillsboro, TX, USA"
Hondo,TX,29.356065,-99.127637,local,"Hondo, TX, USA"
Hooks,TX,33.477542,-94.269188,local,"Hooks, TX, USA"
Horseshoe Bay,TX,30.578056,-98.272500,local,"Horseshoe Bay, TX, USA"
Huntsville,TX,30.794700,-95.533700,local,"Huntsville, TX, USA"
Hutchins,TX,32.639586,-96.707021,local,"Hutchins, TX, USA"
Hutto,TX,30.525725,-97.567203,local,"Hutto, TX, USA"
Idalou,TX,33.650376,-101.678579,local,"Idalou, TX, USA"
Ingleside,TX,27.868238,-97.206906,local,"Ingleside, TX, USA"
Iowa Park,TX,33.942350,-98.674497,local,"Iowa Park, TX, USA"
Irving,TX,32.842000,-96.971900,local,"Irving, TX, USA"
Italy,TX,32.178508,-96.882290,local,"Italy, TX, USA"
Jacksboro,TX,33.234655,-98.168138,local,"Jacksboro, TX, USA"
Jacksonville,TX,31.961770,-95.270328,local,"Jacksonville, TX, USA"
Jarrell,TX,30.748406,-97.600833,local,"Jarrell, TX, USA"
Jasper,TX,30.925348,-94.021481,local,"Jasper, TX, USA"
Jefferson,TX,32.779863,-94.371217,local,"Jefferson, TX, USA"
Joaquin,TX,31.943989,-94.060833,local,"Joaquin, TX, USA"
Jourdanton,TX,28.902985,-98.544037,local,"Jourdanton, TX, USA"
Junction,TX,30.475440,-99.747310,local,"Junction, TX, USA"
Karnes City,TX,28.882757,-97.907070,local,"Karnes City, TX, USA"
Kemp,TX,32.369146,-96.257768,local,"Kemp, TX, USA"
Kermit,TX,31.854960,-103.091269,local,"Kermit, TX, USA"
Killeen,TX,31.117000,-97.726100,local,"Killeen, TX, USA"
Kingsville,TX,27.507418,-97.859598,local,"Kingsville, TX, USA"
Kosse,TX,31.314704,-96.619475,local,"Kosse, TX, USA"
Kyle,TX,30.004300,-97.837106,local,"Kyle, TX, USA"
La Feria,TX,26.166556,-97.826115,local,"La Feria, TX, USA"
La Vernia,TX,29.350905,-98.112971,local,"La Vernia, TX, USA"
La Villa,TX,26.298333,-97.928333,local,"La Villa, TX, USA"
Lamesa,TX,32.736677,-101.956914,local,"Lamesa, TX, USA"
Lampasas,TX,31.067957,-98.183361,local,"Lampasas, TX, USA"
Laredo,TX,27.515538,-99.498579,local,"Laredo, TX, USA"
Leakey,TX,29.768951,-99.747913,local,"Leakey, TX, USA"
Lenorah,TX,32.439157,-101.761137,local,"Lenorah, TX, USA"
Liberty,TX,30.072794,-94.763819,local,"Liberty, TX, USA"
Liberty Hill,TX,30.662953,-97.931598,local,"Liberty Hill, TX, USA"
Lindale,TX,32.517152,-95.429932,local,"Lindale, TX, USA"
Littlefield,TX,33.921195,-102.320697,local,"Littlefield, TX, USA"
Livingston,TX,30.718018,-94.935278,local,"Livingston, TX, USA"
Llano,TX,30.722533,-98.652727,local,"Llano, TX, USA"
Longview,TX,32.526854,-94.723280,local,"Longview, TX, USA"
Lorena,TX,31.409271,-97.230161,local,"Lorena, TX, USA"
Lott,TX,31.192462,-97.058143,local,"Lott, TX, USA"
Lubbock,TX,33.586527,-101.860634,local,"Lubbock, TX, USA"
Lufkin,TX,31.336004,-94.734185,local,"Lufkin, TX, USA"
Luling,TX,29.682621,-97.649947,local,"Luling, TX, USA"
Lumberton,TX,30.253056,-94.189722,local,"Lumberton, TX, USA"
Lytle,TX,29.236568,-98.794489,local,"Lytle, TX, USA"
Madisonville,TX,30.953335,-95.909094,local,"Madisonville, TX, USA"
Marble Falls,TX,30.572280,-98.306992,local,"Marble Falls, TX, USA"
Marion,TX,29.568350,-98.151709,local,"Marion, TX, USA"
Marlin,TX,31.303592,-96.888942,local,"Marlin, TX, USA"
Marshall,TX,32.533780,-94.361910,local,"Marshall, TX, USA"
Mason,TX,30.743392,-99.226117,local,"Mason, TX, USA"
Mathis,TX,28.080208,-97.809659,local,"Mathis, TX, USA"
Maxwell,TX,29.878628,-97.852852,local,"Maxwell, TX, USA"
Mcallen,TX,26.215440,-98.235871,local,"Mcallen, TX, USA"
Memphis,TX,34.712237,-100.534653,local,"Memphis, TX, USA"
Mentone,TX,31.738374,-103.550316,local,"Mentone, TX, USA"
Mercedes,TX,26.151330,-97.918503,local,"Mercedes, TX, USA"
Meridian,TX,31.929022,-97.644330,local,"Meridian, TX, USA"
Merkel,TX,32.444371,-99.992443,local,"Merkel, TX, USA"
Mesquite,TX,32.767821,-96.608219,local,"Mesquite, TX, USA"
Mexia,TX,31.678386,-96.495186,local,"Mexia, TX, USA"
Midland,TX,31.989636,-102.062610,local,"Midland, TX, USA"
Midlothian,TX,32.475743,-96.993551,local,"Midlothian, TX, USA"
Milford,TX,32.148198,-96.961150,local,"Milford, TX, USA"
Millsap,TX,32.670019,-97.878386,local,"Millsap, TX, USA"
Mineral Wells,TX,32.810283,-98.063051,local,"Mineral Wells, TX, USA"
Mission,TX,26.241530,-98.342647,local,"Mission, TX, USA"
Monahans,TX,31.581294,-102.900273,local,"Monahans, TX, USA"
Moore,TX,29.035377,-98.987403,local,"Moore, TX, USA"
Morton,TX,33.715718,-102.779619,local,"Morton, TX, USA"
Mount Enterprise,TX,31.912500,-94.623505,local,"Mount Enterprise, TX, USA"
Mount Pleasant,TX,33.173309,-94.969461,local,"Mount Pleasant, TX, USA"
Mount Vernon,TX,33.170204,-95.218106,local,"Mount Vernon, TX, USA"
Muleshoe,TX,34.219308,-102.749631,local,"Muleshoe, TX, USA"
Nacogdoches,TX,31.618534,-94.651093,local,"Nacogdoches, TX, USA"
Natalia,TX,29.211669,-98.855158,local,"Natalia, TX, USA"
Navasota,TX,30.387778,-96.087500,local,"Navasota, TX, USA"
Nederland,TX,29.971609,-94.001192,local,"Nederland, TX, USA"
New Boston,TX,33.462119,-94.433882,local,"New Boston, TX, USA"
New Braunfels,TX,29.694733,-98.113041,local,"New Braunfels, TX, USA"
New Deal,TX,33.737222,-101.836111,local,"New Deal, TX, USA"
Nixon,TX,29.301649,-97.752898,local,"Nixon, TX, USA"
Odem,TX,27.940306,-97.583752,local,"Odem, TX, USA"
Odessa,TX,31.846500,-102.366300,local,"Odessa, TX, USA"
Odonnell,TX,32.977331,-101.827099,local,"Odonnell, TX, USA"
Olmito,TX,26.039167,-97.556111,local,"Olmito, TX, USA"
Orange,TX,30.125167,-93.771883,local,"Orange, TX, USA"
Orange Grove,TX,27.948659,-97.983835,local,"Orange Grove, TX, USA"
Orla,TX,31.825000,-103.908333,local,"Orla, TX, USA"
Ozona,TX,30.716369,-101.238802,local,"Ozona, TX, USA"
Paige,TX,30.185799,-97.119771,local,"Paige, TX, USA"
Palmer,TX,32.438714,-96.679429,local,"Palmer, TX, USA"
Pampa,TX,35.538043,-100.957885,local,"Pampa, TX, USA"
Panhandle,TX,35.380841,-101.430370,local,"Panhandle, TX, USA"
Paris,TX,33.658077,-95.537881,local,"Paris, TX, USA"
Pearsall,TX,28.892317,-99.094361,local,"Pearsall, TX, USA"
Pecos,TX,31.414384,-103.508129,local,"Pecos, TX, USA"
Perryton,TX,36.374825,-100.815558,local,"Perryton, TX, USA"
Pflugerville,TX,30.442133,-97.629895,local,"Pflugerville, TX, USA"
Pharr,TX,26.177053,-98.187022,local,"Pharr, TX, USA"
Plains,TX,33.189354,-102.829367,local,"Plains, TX, USA"
Plainview,TX,34.196194,-101.725896,local,"Plainview, TX, USA"
Pleasanton,TX,28.992368,-98.483061,local,"Pleasanton, TX, USA"
Post,TX,33.201695,-101.392160,local,"Post, TX, USA"
Prairie Hill,TX,31.659097,-96.809381,local,"Prairie Hill, TX, USA"
Premont,TX,27.354444,-98.133018,local,"Premont, TX, USA"
Pyote,TX,31.539491,-103.139676,local,"Pyote, TX, USA"
Quanah,TX,34.295550,-99.749438,local,"Quanah, TX, USA"
Queen City,TX,33.187360,-94.154825,local,"Queen City, TX, USA"
Ranger,TX,32.468090,-98.674659,local,"Ranger, TX, USA"
Rankin,TX,31.222500,-101.937500,local,"Rankin, TX, USA"
Red Oak,TX,32.516096,-96.820337,local,"Red Oak, TX, USA"
Refugio,TX,28.316944,-97.276665,local,"Refugio, TX, USA"
Rhome,TX,33.054045,-97.481688,local,"Rhome, TX, USA"
Rice,TX,32.225788,-96.460613,local,"Rice, TX, USA"
Rio Grande City,TX,26.394194,-98.810444,local,"Rio Grande City, TX, USA"
Riviera,TX,27.321735,-97.778707,local,"Riviera, TX, USA"
Roanoke,TX,32.986390,-97.205346,local,"Roanoke, TX, USA"
Roans Prairie,TX,30.486944,-95.986667,local,"Roans Prairie, TX, USA"
Robert Lee,TX,31.895091,-100.510366,local,"Robert Lee, TX, USA"
Robstown,TX,27.798395,-97.699523,local,"Robstown, TX, USA"
Rockport,TX,28.020278,-97.054167,local,"Rockport, TX, USA"
Rockwall,TX,32.931111,-96.459444,local,"Rockwall, TX, USA"
Ropesville,TX,33.457499,-102.158410,local,"Ropesville, TX, USA"
Roscoe,TX,32.427558,-100.539088,local,"Roscoe, TX, USA"
Round Mountain,TX,30.442879,-98.436514,local,"Round Mountain, TX, USA"
Royse City,TX,32.962778,-96.364840,local,"Royse City, TX, USA"
Salado,TX,30.949388,-97.532999,local,"Salado, TX, USA"
San Angelo,TX,31.478165,-100.481752,local,"San Angelo, TX, USA"
San Antonio,TX,29.468525,-98.526352,local,"San Antonio, TX, USA"
San Augustine,TX,31.515173,-94.132581,local,"San Augustine, TX, USA"
San Marcos,TX,29.875359,-97.940418,local,"San Marcos, TX, USA"
Sanger,TX,33.356266,-97.181432,local,"Sanger, TX, USA"
Santa Anna,TX,31.721477,-99.321197,local,"Santa Anna, TX, USA"
Santo,TX,32.597935,-98.179675,local,"Santo, TX, USA"
Schertz,TX,29.568159,-98.272214,local,"Schertz, TX, USA"
Seagoville,TX,32.652522,-96.557967,local,"Seagoville, TX, USA"
Seguin,TX,29.561316,-97.962801,local,"Seguin, TX, USA"
Seminole,TX,32.721045,-102.682761,local,"Seminole, TX, USA"
Seymour,TX,33.591445,-99.258727,local,"Seymour, TX, USA"
Shamrock,TX,35.220596,-100.262152,local,"Shamrock, TX, USA"
Sierra Blanca,TX,31.193821,-105.321874,local,"Sierra Blanca, TX, USA"
Silverton,TX,34.464089,-101.316899,local,"Silverton, TX, USA"
Sinton,TX,28.033895,-97.519582,local,"Sinton, TX, USA"
Slaton,TX,33.436795,-101.651920,local,"Slaton, TX, USA"
Smyer,TX,33.584167,-102.162778,local,"Smyer, TX, USA"
Snyder,TX,32.715105,-100.907485,local,"Snyder, TX, USA"
Sonora,TX,30.555752,-100.630667,local,"Sonora, TX, USA"
Sour Lake,TX,30.149134,-94.373341,local,"Sour Lake, TX, USA"
Springtown,TX,32.966021,-97.634951,local,"Springtown, TX, USA"
Spur,TX,33.479016,-100.857116,local,"Spur, TX, USA"
Stamford,TX,32.945323,-99.785930,local,"Stamford, TX, USA"
Stanton,TX,32.139992,-101.809887,local,"Stanton, TX, USA"
Stephenville,TX,32.221372,-98.222407,local,"Stephenville, TX, USA"
Sterling City,TX,31.835063,-101.001729,local,"Sterling City, TX, USA"
Stockdale,TX,29.231907,-97.935082,local,"Stockdale, TX, USA"
Stratford,TX,36.333490,-101.988568,local,"Stratford, TX, USA"
Sudan,TX,34.069661,-102.525525,local,"Sudan, TX, USA"
Sulphur Springs,TX,33.134541,-95.592161,local,"Sulphur Springs, TX, USA"
Sweetwater,TX,32.472589,-100.397908,local,"Sweetwater, TX, USA"
Teague,TX,31.632772,-96.277780,local,"Teague, TX, USA"
Temple,TX,31.089518,-97.334264,local,"Temple, TX, USA"
Tenaha,TX,31.940812,-94.248773,local,"Tenaha, TX, USA"
Terrell,TX,32.714292,-96.251342,local,"Terrell, TX, USA"
Texarkana,TX,33.407371,-94.118245,local,"Texarkana, TX, USA"
Texline,TX,36.374034,-102.984516,local,"Texline, TX, USA"
Three Rivers,TX,28.475646,-98.178162,local,"Three Rivers, TX, USA"
Tilden,TX,28.419755,-98.569322,local,"Tilden, TX, USA"
Timpson,TX,31.884089,-94.396733,local,"Timpson, TX, USA"
Trenton,TX,33.423491,-96.339754,local,"Trenton, TX, USA"
Trinity,TX,30.941951,-95.340295,local,"Trinity, TX, USA"
Troy,TX,31.175855,-97.285205,local,"Troy, TX, USA"
Tulia,TX,34.540258,-101.762864,local,"Tulia, TX, USA"
Tuscola,TX,32.234955,-99.824390,local,"Tuscola, TX, USA"
Tye,TX,32.447728,-99.868434,local,"Tye, TX, USA"
Uvalde,TX,29.217238,-99.793074,local,"Uvalde, TX, USA"
Van Horn,TX,31.042879,-104.832249,local,"Van Horn, TX, USA"
Vega,TX,35.373212,-102.356572,local,"Vega, TX, USA"
Vernon,TX,34.149135,-99.303010,local,"Vernon, TX, USA"
Vidor,TX,30.150180,-94.000779,local,"Vidor, TX, USA"
Von Ormy,TX,29.274979,-98.667741,local,"Von Ormy, TX, USA"
Waco,TX,31.552452,-97.139608,local,"Waco, TX, USA"
Wall,TX,31.369445,-100.322132,local,"Wall, TX, USA"
Waxahachie,TX,32.380796,-96.837398,local,"Waxahachie, TX, USA"
Weatherford,TX,32.843500,-97.704700,local,"Weatherford, TX, USA"
Weslaco,TX,26.169444,-97.988714,local,"Weslaco, TX, USA"
White Deer,TX,35.427810,-101.173993,local,"White Deer, TX, USA"
Whitesboro,TX,33.659021,-96.878984,local,"Whitesboro, TX, USA"
Whitney,TX,31.959201,-97.334950,local,"Whitney, TX, USA"
Wichita Falls,TX,33.905284,-98.497645,local,"Wichita Falls, TX, USA"
Wickett,TX,31.570000,-103.000556,local,"Wickett, TX, USA"
Wilmer,TX,32.598133,-96.683760,local,"Wilmer, TX, USA"
Winfield,TX,33.161498,-95.078984,local,"Winfield, TX, USA"
Wink,TX,31.752673,-103.156084,local,"Wink, TX, USA"
Winnie,TX,29.815676,-94.339499,local,"Winnie, TX, USA"
Winters,TX,31.962028,-99.955114,local,"Winters, TX, USA"
Wolfforth,TX,33.530381,-102.026101,local,"Wolfforth, TX, USA"
Woodville,TX,30.775133,-94.425494,local,"Woodville, TX, USA"
Woodway,TX,31.505074,-97.231062,local,"Woodway, TX, USA"
Wylie,TX,33.004102,-96.539383,local,"Wylie, TX, USA"
American Fork,UT,40.392784,-111.794107,local,"American Fork, UT, USA"
Beaver,UT,38.280710,-112.629916,local,"Beaver, UT, USA"
Brigham City,UT,41.507921,-112.015177,local,"Brigham City, UT, USA"
Castle Dale,UT,39.212222,-111.018889,local,"Castle Dale, UT, USA"
Cedar City,UT,37.689544,-113.074513,local,"Cedar City, UT, USA"
Clearfield,UT,41.129388,-112.048224,local,"Clearfield, UT, USA"
Corinne,UT,41.544986,-112.151388,local,"Corinne, UT, USA"
Draper,UT,40.504599,-111.880960,local,"Draper, UT, USA"
Fillmore,UT,38.980539,-112.331321,local,"Fillmore, UT, USA"
Green River,UT,39.000243,-110.159817,local,"Green River, UT, USA"
Gunnison,UT,39.154464,-111.816701,local,"Gunnison, UT, USA"
Helper,UT,39.673684,-110.856000,local,"Helper, UT, USA"
Logan,UT,41.747025,-111.822613,local,"Logan, UT, USA"
Magna,UT,40.700879,-112.080867,local,"Magna, UT, USA"
Moab,UT,38.567674,-109.527087,local,"Moab, UT, USA"
Mona,UT,39.838165,-111.848001,local,"Mona, UT, USA"
Monticello,UT,37.921709,-109.315289,local,"Monticello, UT, USA"
Myton,UT,40.194049,-110.048056,local,"Myton, UT, USA"
Nephi,UT,39.692275,-111.835900,local,"Nephi, UT, USA"
North Salt Lake,UT,40.844064,-111.904116,local,"North Salt Lake, UT, USA"
Ogden,UT,41.244300,-112.007200,local,"Ogden, UT, USA"
Orem,UT,40.313407,-111.695293,local,"Orem, UT, USA"
Park City,UT,40.695724,-111.528021,local,"Park City, UT, USA"
Parowan,UT,37.844861,-112.832251,local,"Parowan, UT, USA"
Plymouth,UT,41.875556,-112.143333,local,"Plymouth, UT, USA"
Richfield,UT,38.757075,-112.062253,local,"Richfield, UT, USA"
Riverton,UT,40.537890,-111.954661,local,"Riverton, UT, USA"
Roosevelt,UT,40.310229,-110.010782,local,"Roosevelt, UT, USA"
Saint George,UT,37.106651,-113.595261,local,"Saint George, UT, USA"
Salina,UT,38.956028,-111.881072,local,"Salina, UT, USA"
Salt Lake City,UT,40.755851,-111.896657,local,"Salt Lake City, UT, USA"
Santaquin,UT,39.980356,-111.793819,local,"Santaquin, UT, USA"
Scipio,UT,39.245000,-112.103333,local,"Scipio, UT, USA"
Snowville,UT,41.840321,-112.353391,local,"Snowville, UT, USA"
Springville,UT,40.162528,-111.598664,local,"Springville, UT, USA"
Tooele,UT,40.545445,-112.300214,local,"Tooele, UT, USA"
Tremonton,UT,41.701564,-112.181293,local,"Tremonton, UT, USA"
Vernal,UT,40.440613,-109.546883,local,"Vernal, UT, USA"
Washington,UT,37.136379,-113.505043,local,"Washington, UT, USA"
Wellington,UT,39.537257,-110.736954,local,"Wellington, UT, USA"
Wellsville,UT,41.634302,-111.931676,local,"Wellsville, UT, USA"
Wendover,UT,40.597396,-113.993573,local,"Wendover, UT, USA"
West Jordan,UT,40.625429,-111.967662,local,"West Jordan, UT, USA"
Willard,UT,41.398944,-112.031653,local,"Willard, UT, USA"
Woods Cross,UT,40.887447,-111.902712,local,"Woods Cross, UT, USA"
Amelia Court House,VA,37.350170,-77.955177,local,"Amelia Court House, VA, USA"
Ashland,VA,37.739480,-77.478373,local,"Ashland, VA, USA"
Atkins,VA,36.866532,-81.404791,local,"Atkins, VA, USA"
Austinville,VA,36.819461,-80.858322,local,"Austinville, VA, USA"
Bassett,VA,36.753425,-80.005506,local,"Bassett, VA, USA"
Bastian,VA,37.157420,-81.198855,local,"Bastian, VA, USA"
Bealeton,VA,38.569667,-77.800436,local,"Bealeton, VA, USA"
Blairs,VA,36.667408,-79.378869,local,"Blairs, VA, USA"
Bland,VA,37.137644,-81.020064,local,"Bland, VA, USA"
Bracey,VA,36.576295,-78.105862,local,"Bracey, VA, USA"
Bristol,VA,36.618093,-82.182297,local,"Bristol, VA, USA"
Broadway,VA,38.608336,-78.787494,local,"Broadway, VA, USA"
Cape Charles,VA,37.279874,-75.972129,local,"Cape Charles, VA, USA"
Chantilly,VA,38.886500,-77.439300,local,"Chantilly, VA, USA"
Charlottesville,VA,38.054752,-78.490869,local,"Charlottesville, VA, USA"
Chesapeake,VA,36.735246,-76.238430,local,"Chesapeake, VA, USA"
Chester,VA,37.342934,-77.415570,local,"Chester, VA, USA"
Chesterfield,VA,37.392327,-77.566799,local,"Chesterfield, VA, USA"
Christiansburg,VA,37.129722,-80.409167,local,"Christiansburg, VA, USA"
Clear Brook,VA,39.265461,-78.098788,local,"Clear Brook, VA, USA"
Colonial Heights,VA,37.269968,-77.403829,local,"Colonial Heights, VA, USA"
Covington,VA,37.784203,-80.003176,local,"Covington, VA, USA"
Cross Junction,VA,39.376200,-78.299724,local,"Cross Junction, VA, USA"
Culpeper,VA,38.481150,-78.004060,local,"Culpeper, VA, USA"
Danville,VA,36.621789,-79.412441,local,"Danville, VA, USA"
Disputanta,VA,37.148268,-77.273172,local,"Disputanta, VA, USA"
Doswell,VA,37.841682,-77.512521,local,"Doswell, VA, USA"
Drewryville,VA,36.685433,-77.359098,local,"Drewryville, VA, USA"
Dublin,VA,37.098879,-80.669696,local,"Dublin, VA, USA"
Duffield,VA,36.704402,-82.806510,local,"Duffield, VA, USA"
Elliston,VA,37.212651,-80.249658,local,"Elliston, VA, USA"
Emporia,VA,36.685689,-77.562953,local,"Emporia, VA, USA"
Fairfax,VA,38.860353,-77.264937,local,"Fairfax, VA, USA"
Fancy Gap,VA,36.663972,-80.690750,local,"Fancy Gap, VA, USA"
Franklin,VA,36.678625,-76.939108,local,"Franklin, VA, USA"
Fredericksburg,VA,38.299538,-77.477152,local,"Fredericksburg, VA, USA"
Front Royal,VA,38.926783,-78.179617,local,"Front Royal, VA, USA"
Glade Spring,VA,36.777900,-81.767639,local,"Glade Spring, VA, USA"
Gladstone,VA,37.547252,-78.850838,local,"Gladstone, VA, USA"
Gordonsville,VA,38.107261,-78.195195,local,"Gordonsville, VA, USA"
Gum Spring,VA,37.818374,-77.907049,local,"Gum Spring, VA, USA"
Hampton,VA,37.006500,-76.413000,local,"Hampton, VA, USA"
Harrisonburg,VA,38.448864,-78.871438,local,"Harrisonburg, VA, USA"
Henrico,VA,37.629476,-77.518903,nominatim,"Henrico, Laurel, Henrico County, Virginia, 23273, United States"
Hillsville,VA,36.744225,-80.719730,local,"Hillsville, VA, USA"
Hopewell,VA,37.287576,-77.295013,local,"Hopewell, VA, USA"
Keysville,VA,37.041086,-78.469912,local,"Keysville, VA, USA"
King George,VA,38.281142,-77.126023,local,"King George, VA, USA"
Lambsburg,VA,36.577483,-80.760133,local,"Lambsburg, VA, USA"
Lanexa,VA,37.419391,-76.902684,local,"Lanexa, VA, USA"
Leesburg,VA,39.086700,-77.577500,local,"Leesburg, VA, USA"
Lexington,VA,37.788463,-79.458111,local,"Lexington, VA, USA"
Lorton,VA,38.704716,-77.218004,local,"Lorton, VA, USA"
Lynchburg,VA,37.386228,-79.171464,local,"Lynchburg, VA, USA"
Madison Heights,VA,37.453102,-79.114089,local,"Madison Heights, VA, USA"
Manassas,VA,38.751800,-77.472800,local,"Manassas, VA, USA"
Martinsville,VA,36.687067,-79.869136,local,"Martinsville, VA, USA"
Max Meadows,VA,36.917080,-80.921391,local,"Max Meadows, VA, USA"
Meadowview,VA,36.761175,-81.851205,local,"Meadowview, VA, USA"
Midlothian,VA,37.431027,-77.654458,local,"Midlothian, VA, USA"
Montvale,VA,37.406960,-79.717462,local,"Montvale, VA, USA"
Mount Crawford,VA,38.345656,-78.895679,local,"Mount Crawford, VA, USA"
Mount Jackson,VA,38.768819,-78.676655,local,"Mount Jackson, VA, USA"
New Church,VA,37.952527,-75.511188,local,"New Church, VA, USA"
Newport News,VA,37.057951,-76.460722,local,"Newport News, VA, USA"
Norfolk,VA,36.846600,-76.285500,local,"Norfolk, VA, USA"
Orange,VA,38.233937,-78.091224,local,"Orange, VA, USA"
Petersburg,VA,37.220001,-77.432594,local,"Petersburg, VA, USA"
Portsmouth,VA,36.808902,-76.367140,local,"Portsmouth, VA, USA"
Pound,VA,37.092734,-82.601555,local,"Pound, VA, USA"
Powhatan,VA,37.556442,-77.879761,local,"Powhatan, VA, USA"
Providence Forge,VA,37.425907,-77.071117,local,"Providence Forge, VA, USA"
Quinton,VA,37.518466,-77.148607,local,"Quinton, VA, USA"
Raphine,VA,37.937353,-79.221903,local,"Raphine, VA, USA"
Richmond,VA,37.453158,-77.469798,local,"Richmond, VA, USA"
Ridgeway,VA,36.587400,-79.868590,local,"Ridgeway, VA, USA"
Roanoke,VA,37.272500,-79.953000,local,"Roanoke, VA, USA"
Rockville,VA,37.733729,-77.699994,local,"Rockville, VA, USA"
Rocky Mount,VA,36.989101,-79.883959,local,"Rocky Mount, VA, USA"
Rosedale,VA,36.973981,-81.888793,local,"Rosedale, VA, USA"
Ruckersville,VA,38.233871,-78.391033,local,"Ruckersville, VA, USA"
Rural Retreat,VA,36.883616,-81.287872,local,"Rural Retreat, VA, USA"
Rustburg,VA,37.254540,-79.121507,local,"Rustburg, VA, USA"
Ruther Glen,VA,37.945059,-77.471350,local,"Ruther Glen, VA, USA"
Salem,VA,37.285300,-80.069185,local,"Salem, VA, USA"
Sandston,VA,37.515658,-77.275780,local,"Sandston, VA, USA"
Skippers,VA,36.579685,-77.543663,local,"Skippers, VA, USA"
South Boston,VA,36.696335,-78.918829,local,"South Boston, VA, USA"
South Hill,VA,36.712388,-78.153388,local,"South Hill, VA, USA"
Springfield,VA,38.779718,-77.186582,local,"Springfield, VA, USA"
Staunton,VA,38.145104,-79.075190,local,"Staunton, VA, USA"
Sterling,VA,39.006100,-77.428800,local,"Sterling, VA, USA"
Stony Creek,VA,36.936132,-77.444276,local,"Stony Creek, VA, USA"
Suffolk,VA,36.866823,-76.559811,local,"Suffolk, VA, USA"
Toms Brook,VA,38.970160,-78.403757,local,"Toms Brook, VA, USA"
Townsend,VA,37.184444,-75.958611,local,"Townsend, VA, USA"
Troutville,VA,37.401855,-79.878636,local,"Troutville, VA, USA"
Troy,VA,37.963600,-78.253494,local,"Troy, VA, USA"
Virginia Beach,VA,36.852700,-75.978300,local,"Virginia Beach, VA, USA"
Warfield,VA,36.901122,-77.767317,local,"Warfield, VA, USA"
Warrenton,VA,38.706300,-77.815900,local,"Warrenton, VA, USA"
Warsaw,VA,37.949992,-76.736517,local,"Warsaw, VA, USA"
Waynesboro,VA,38.077412,-78.903461,local,"Waynesboro, VA, USA"
Winchester,VA,39.158100,-78.231300,local,"Winchester, VA, USA"
Woodford,VA,38.084664,-77.439879,local,"Woodford, VA, USA"
Wytheville,VA,36.940669,-81.094082,local,"Wytheville, VA, USA"
Alburgh,VT,44.968454,-73.280963,local,"Alburgh, VT, USA"
Bellows Falls,VT,43.148198,-72.466373,local,"Bellows Falls, VT, USA"
Brattleboro,VT,42.857353,-72.593322,local,"Brattleboro, VT, USA"
Derby,VT,44.950182,-72.137555,local,"Derby, VT, USA"
Fair Haven,VT,43.623450,-73.270068,local,"Fair Haven, VT, USA"
Ferrisburgh,VT,44.212822,-73.258575,local,"Ferrisburgh, VT, USA"
Montpelier,VT,44.257400,-72.569800,local,"Montpelier, VT, USA"
Rutland,VT,43.614131,-72.970773,local,"Rutland, VT, USA"
Saint Albans,VT,44.811138,-73.089025,local,"Saint Albans, VT, USA"
Saint Johnsbury,VT,44.427195,-72.005062,local,"Saint Johnsbury, VT, USA"
Springfield,VT,43.303433,-72.477769,local,"Springfield, VT, USA"
Swanton,VT,44.916754,-73.121124,local,"Swanton, VT, USA"
Wells River,VT,44.152438,-72.052958,local,"Wells River, VT, USA"
Arlington,WA,48.182930,-122.112126,local,"Arlington, WA, USA"
Bellingham,WA,48.748957,-122.488676,local,"Bellingham, WA, USA"
Blaine,WA,48.963572,-122.732327,local,"Blaine, WA, USA"
Castle Rock,WA,46.278291,-122.913900,local,"Castle Rock, WA, USA"
Chehalis,WA,46.638193,-122.965764,local,"Chehalis, WA, USA"
Ellensburg,WA,46.999632,-120.516274,local,"Ellensburg, WA, USA"
Federal Way,WA,47.320300,-122.311726,local,"Federal Way, WA, USA"
Ferndale,WA,48.862531,-122.595293,local,"Ferndale, WA, USA"
George,WA,47.079167,-119.854722,local,"George, WA, USA"
Granger,WA,46.348045,-120.181848,local,"Granger, WA, USA"
Kalama,WA,46.011229,-122.816588,local,"Kalama, WA, USA"
Kent,WA,47.369500,-122.194900,local,"Kent, WA, USA"
Longview,WA,46.151354,-122.963421,local,"Longview, WA, USA"
Marysville,WA,48.065639,-122.156168,local,"Marysville, WA, USA"
Moses Lake,WA,47.137363,-119.289149,local,"Moses Lake, WA, USA"
North Bend,WA,47.475546,-121.757142,local,"North Bend, WA, USA"
Olympia,WA,47.012906,-122.876311,local,"Olympia, WA, USA"
Omak,WA,48.414347,-119.527156,local,"Omak, WA, USA"
Pasco,WA,46.249183,-119.104387,local,"Pasco, WA, USA"
Prosser,WA,46.223183,-119.771014,local,"Prosser, WA, USA"
Ritzville,WA,47.131528,-118.395812,local,"Ritzville, WA, USA"
Rock Island,WA,47.370558,-120.137794,local,"Rock Island, WA, USA"
Seattle,WA,47.611435,-122.330456,local,"Seattle, WA, USA"
Spokane,WA,47.666485,-117.436527,local,"Spokane, WA, USA"
Sprague,WA,47.324725,-117.989684,local,"Sprague, WA, USA"
Sumner,WA,47.203333,-122.239167,local,"Sumner, WA, USA"
Sunnyside,WA,46.321273,-120.012631,local,"Sunnyside, WA, USA"
Tacoma,WA,47.276400,-122.758300,local,"Tacoma, WA, USA"
Thorp,WA,47.017785,-120.678557,local,"Thorp, WA, USA"
Toledo,WA,46.439552,-122.826559,local,"Toledo, WA, USA"
Toppenish,WA,46.375123,-120.330534,local,"Toppenish, WA, USA"
Tumwater,WA,46.954200,-123.025000,local,"Tumwater, WA, USA"
Wapato,WA,46.450660,-120.426484,local,"Wapato, WA, USA"
Wenatchee,WA,47.425269,-120.327345,local,"Wenatchee, WA, USA"
Yakima,WA,46.606991,-120.477336,local,"Yakima, WA, USA"
Abbotsford,WI,44.964057,-90.299438,local,"Abbotsford, WI, USA"
Adams,WI,43.896688,-89.821869,local,"Adams, WI, USA"
Altoona,WI,44.802142,-91.438250,local,"Altoona, WI, USA"
Amery,WI,45.325238,-92.361527,local,"Amery, WI, USA"
Antigo,WI,45.131362,-89.141871,local,"Antigo, WI, USA"
Appleton,WI,44.277325,-88.397649,local,"Appleton, WI, USA"
Arcadia,WI,44.253937,-91.480453,local,"Arcadia, WI, USA"
Ashland,WI,46.577948,-90.876712,local,"Ashland, WI, USA"
Baldwin,WI,44.965700,-92.365498,local,"Baldwin, WI, USA"
Baraboo,WI,43.482531,-89.746168,local,"Baraboo, WI, USA"
Barneveld,WI,43.015797,-89.904229,local,"Barneveld, WI, USA"
Barron,WI,45.400535,-91.849960,local,"Barron, WI, USA"
Bear Creek,WI,44.534800,-88.740375,local,"Bear Creek, WI, USA"
Beaver Dam,WI,43.461574,-88.840681,local,"Beaver Dam, WI, USA"
Belgium,WI,43.499465,-87.850908,local,"Belgium, WI, USA"
Belleville,WI,42.866906,-89.537730,local,"Belleville, WI, USA"
Belmont,WI,42.730784,-90.335881,local,"Belmont, WI, USA"
Beloit,WI,42.522871,-89.039897,local,"Beloit, WI, USA"
Berlin,WI,43.976936,-88.949009,local,"Berlin, WI, USA"
Big Bend,WI,42.888463,-88.212182,local,"Big Bend, WI, USA"
Black Earth,WI,43.132213,-89.738974,local,"Black Earth, WI, USA"
Black River Falls,WI,44.292101,-90.847952,local,"Black River Falls, WI, USA"
Blair,WI,44.296843,-91.223501,local,"Blair, WI, USA"
Bloomer,WI,45.102477,-91.489974,local,"Bloomer, WI, USA"
Bonduel,WI,44.737940,-88.439026,local,"Bonduel, WI, USA"
Boscobel,WI,43.139327,-90.706101,local,"Boscobel, WI, USA"
Brillion,WI,44.177920,-88.083337,local,"Brillion, WI, USA"
Bristol,WI,42.532525,-88.047779,local,"Bristol, WI, USA"
Brodhead,WI,42.611074,-89.371409,local,"Brodhead, WI, USA"
Brownsville,WI,43.610934,-88.509729,local,"Brownsville, WI, USA"
Burlington,WI,42.666034,-88.274886,local,"Burlington, WI, USA"
Butler,WI,43.105405,-88.071043,local,"Butler, WI, USA"
Cadott,WI,44.963014,-91.169884,local,"Cadott, WI, USA"
Cameron,WI,45.403836,-91.730992,local,"Cameron, WI, USA"
Camp Douglas,WI,43.936705,-90.268861,local,"Camp Douglas, WI, USA"
Cedar Grove,WI,43.575076,-87.840108,local,"Cedar Grove, WI, USA"
Chilton,WI,44.024242,-88.182689,local,"Chilton, WI, USA"
Chippewa Falls,WI,44.932202,-91.384376,local,"Chippewa Falls, WI, USA"
Clintonville,WI,44.636442,-88.742999,local,"Clintonville, WI, USA"
Colgate,WI,43.199767,-88.240614,local,"Colgate, WI, USA"
Coloma,WI,44.027462,-89.494332,local,"Coloma, WI, USA"
Columbus,WI,43.331494,-89.027089,local,"Columbus, WI, USA"
Combined Locks,WI,44.266581,-88.313271,local,"Combined Locks, WI, USA"
Cottage Grove,WI,43.078405,-89.201692,local,"Cottage Grove, WI, USA"
Crivitz,WI,45.254053,-88.061265,local,"Crivitz, WI, USA"
Cumberland,WI,45.540300,-92.029709,local,"Cumberland, WI, USA"
Curtiss,WI,44.960186,-90.459223,local,"Curtiss, WI, USA"
Darien,WI,42.643500,-88.714217,local,"Darien, WI, USA"
Darlington,WI,42.687816,-90.110648,local,"Darlington, WI, USA"
De Forest,WI,43.235748,-89.329652,local,"De Forest, WI, USA"
De Pere,WI,44.438779,-88.080613,local,"De Pere, WI, USA"
Denmark,WI,44.359392,-87.827036,local,"Denmark, WI, USA"
Dodgeville,WI,42.969779,-90.140433,local,"Dodgeville, WI, USA"
Durand,WI,44.630042,-91.929476,local,"Durand, WI, USA"
East Troy,WI,42.803531,-88.409215,local,"East Troy, WI, USA"
Eau Claire,WI,44.783972,-91.487686,local,"Eau Claire, WI, USA"
Edgar,WI,44.903831,-89.998029,local,"Edgar, WI, USA"
Edgerton,WI,42.838605,-89.064157,local,"Edgerton, WI, USA"
Elkhorn,WI,42.700928,-88.546209,local,"Elkhorn, WI, USA"
Endeavor,WI,43.696305,-89.461699,local,"Endeavor, WI, USA"
Fennimore,WI,42.988558,-90.655009,local,"Fennimore, WI, USA"
Fond Du Lac,WI,43.770446,-88.429149,local,"Fond Du Lac, WI, USA"
Fort Atkinson,WI,42.922902,-88.846689,local,"Fort Atkinson, WI, USA"
Fox Lake,WI,43.581507,-88.904081,local,"Fox Lake, WI, USA"
Francis Creek,WI,44.199964,-87.720007,local,"Francis Creek, WI, USA"
Franksville,WI,42.785892,-87.987273,local,"Franksville, WI, USA"
Fremont,WI,44.237884,-88.844852,local,"Fremont, WI, USA"
Friendship,WI,43.989629,-89.814875,local,"Friendship, WI, USA"
Green Bay,WI,44.485313,-88.016868,local,"Green Bay, WI, USA"
Hartford,WI,43.315749,-88.370727,local,"Hartford, WI, USA"
Hartland,WI,43.117153,-88.344572,local,"Hartland, WI, USA"
Hayward,WI,46.001404,-91.397659,local,"Hayward, WI, USA"
Hixton,WI,44.397778,-91.039086,local,"Hixton, WI, USA"
Holmen,WI,43.976125,-91.249700,local,"Holmen, WI, USA"
Horicon,WI,43.446859,-88.631049,local,"Horicon, WI, USA"
Hortonville,WI,44.327306,-88.628130,local,"Hortonville, WI, USA"
Hudson,WI,44.984187,-92.727062,local,"Hudson, WI, USA"
Janesville,WI,42.691542,-89.033124,local,"Janesville, WI, USA"
Jefferson,WI,43.000557,-88.807765,local,"Jefferson, WI, USA"
Johnson Creek,WI,43.075051,-88.783602,local,"Johnson Creek, WI, USA"
Kaukauna,WI,44.295610,-88.271692,local,"Kaukauna, WI, USA"
Kenosha,WI,42.605228,-87.829945,local,"Kenosha, WI, USA"
Kewaskum,WI,43.521446,-88.192530,local,"Kewaskum, WI, USA"
Kieler,WI,42.581389,-90.602500,local,"Kieler, WI, USA"
La Crosse,WI,43.798938,-91.217494,local,"La Crosse, WI, USA"
Ladysmith,WI,45.471941,-91.108804,local,"Ladysmith, WI, USA"
Lake Mills,WI,43.081576,-88.913335,local,"Lake Mills, WI, USA"
Larsen,WI,44.198421,-88.696305,local,"Larsen, WI, USA"
Lena,WI,44.940494,-88.054308,local,"Lena, WI, USA"
Little Chute,WI,44.284248,-88.311989,local,"Little Chute, WI, USA"
Lomira,WI,43.588489,-88.441309,local,"Lomira, WI, USA"
Luxemburg,WI,44.550612,-87.715606,local,"Luxemburg, WI, USA"
Lyndon Station,WI,43.689875,-89.891543,local,"Lyndon Station, WI, USA"
Madison,WI,43.073000,-89.381700,local,"Madison, WI, USA"
Manitowoc,WI,44.097122,-87.682303,local,"Manitowoc, WI, USA"
Maribel,WI,44.285151,-87.805482,local,"Maribel, WI, USA"
Marinette,WI,45.087403,-87.669684,local,"Marinette, WI, USA"
Marshall,WI,43.163639,-89.075331,local,"Marshall, WI, USA"
Marshfield,WI,44.668800,-90.171600,local,"Marshfield, WI, USA"
Mauston,WI,43.793383,-90.064085,local,"Mauston, WI, USA"
Medford,WI,45.151185,-90.350306,local,"Medford, WI, USA"
Menasha,WI,44.211164,-88.417536,local,"Menasha, WI, USA"
Menomonie,WI,44.871820,-91.926510,local,"Menomonie, WI, USA"
Merrill,WI,45.180924,-89.690696,local,"Merrill, WI, USA"
Middleton,WI,43.105196,-89.507258,local,"Middleton, WI, USA"
Milton,WI,42.779087,-88.953087,local,"Milton, WI, USA"
Milwaukee,WI,43.034300,-87.915100,local,"Milwaukee, WI, USA"
Mondovi,WI,44.609853,-91.669576,local,"Mondovi, WI, USA"
Monroe,WI,42.599076,-89.640300,local,"Monroe, WI, USA"
Mount Horeb,WI,43.002022,-89.741448,local,"Mount Horeb, WI, USA"
Mukwonago,WI,42.882054,-88.345116,local,"Mukwonago, WI, USA"
Necedah,WI,44.034481,-90.059976,local,"Necedah, WI, USA"
Neenah,WI,44.181094,-88.479201,local,"Neenah, WI, USA"
Neillsville,WI,44.549429,-90.611197,local,"Neillsville, WI, USA"
New Berlin,WI,42.973970,-88.155274,local,"New Berlin, WI, USA"
New Holstein,WI,43.944639,-88.091083,local,"New Holstein, WI, USA"
New Lisbon,WI,43.887750,-90.152407,local,"New Lisbon, WI, USA"
New London,WI,44.392847,-88.755428,local,"New London, WI, USA"
New Richmond,WI,45.159819,-92.551333,local,"New Richmond, WI, USA"
Oak Creek,WI,42.889160,-87.902661,local,"Oak Creek, WI, USA"
Oakdale,WI,43.959722,-90.381667,local,"Oakdale, WI, USA"
Omro,WI,44.035678,-88.751933,local,"Omro, WI, USA"
Onalaska,WI,43.897392,-91.231419,local,"Onalaska, WI, USA"
Oostburg,WI,43.622939,-87.796955,local,"Oostburg, WI, USA"
Osceola,WI,45.321757,-92.697108,local,"Osceola, WI, USA"
Oshkosh,WI,44.021962,-88.543635,local,"Oshkosh, WI, USA"
Osseo,WI,44.559923,-91.219148,local,"Osseo, WI, USA"
Park Falls,WI,45.936345,-90.424648,local,"Park Falls, WI, USA"
Peshtigo,WI,45.045778,-87.729795,local,"Peshtigo, WI, USA"
Pewaukee,WI,43.078777,-88.272922,local,"Pewaukee, WI, USA"
Phillips,WI,45.697463,-90.404131,local,"Phillips, WI, USA"
Plainfield,WI,44.209079,-89.455896,local,"Plainfield, WI, USA"
Platteville,WI,42.739320,-90.485406,local,"Platteville, WI, USA"
Plover,WI,44.450673,-89.542805,local,"Plover, WI, USA"
Plymouth,WI,43.752580,-87.977906,local,"Plymouth, WI, USA"
Portage,WI,43.550145,-89.471390,local,"Portage, WI, USA"
Poynette,WI,43.401342,-89.418857,local,"Poynette, WI, USA"
Prairie Du Chien,WI,43.042649,-91.119305,local,"Prairie Du Chien, WI, USA"
Prairie Du Sac,WI,43.295631,-89.745233,local,"Prairie Du Sac, WI, USA"
Prentice,WI,45.548201,-90.294217,local,"Prentice, WI, USA"
Pulaski,WI,44.661120,-88.263447,local,"Pulaski, WI, USA"
Redgranite,WI,44.043810,-89.098125,local,"Redgranite, WI, USA"
Reedsburg,WI,43.532500,-90.002500,local,"Reedsburg, WI, USA"
Rhinelander,WI,45.646718,-89.409285,local,"Rhinelander, WI, USA"
Rice Lake,WI,45.510466,-91.733544,local,"Rice Lake, WI, USA"
Richfield,WI,43.273925,-88.215467,local,"Richfield, WI, USA"
Richland Center,WI,43.362714,-90.391378,local,"Richland Center, WI, USA"
Ripon,WI,43.845402,-88.842433,local,"Ripon, WI, USA"
River Falls,WI,44.855010,-92.631275,local,"River Falls, WI, USA"
Roberts,WI,44.987356,-92.559773,local,"Roberts, WI, USA"
Saint Croix Falls,WI,45.413215,-92.638371,local,"Saint Croix Falls, WI, USA"
Saukville,WI,43.391265,-87.956765,local,"Saukville, WI, USA"
Schofield,WI,44.906407,-89.581789,local,"Schofield, WI, USA"
Seymour,WI,44.509096,-88.317243,local,"Seymour, WI, USA"
Sheboygan,WI,43.740981,-87.724667,local,"Sheboygan, WI, USA"
Sheboygan Falls,WI,43.726598,-87.824228,local,"Sheboygan Falls, WI, USA"
Shullsburg,WI,42.578560,-90.226619,local,"Shullsburg, WI, USA"
Somerset,WI,45.133064,-92.686466,local,"Somerset, WI, USA"
Sparta,WI,43.954045,-90.814566,local,"Sparta, WI, USA"
Spencer,WI,44.739148,-90.311406,local,"Spencer, WI, USA"
Spooner,WI,45.850468,-91.915550,local,"Spooner, WI, USA"
Stanley,WI,44.968872,-90.938935,local,"Stanley, WI, USA"
Stevens Point,WI,44.521221,-89.558764,local,"Stevens Point, WI, USA"
Sturgeon Bay,WI,44.843840,-87.375311,local,"Sturgeon Bay, WI, USA"
Sturtevant,WI,42.696730,-87.903082,local,"Sturtevant, WI, USA"
Suamico,WI,44.631944,-88.039167,local,"Suamico, WI, USA"
Superior,WI,46.701552,-92.091174,local,"Superior, WI, USA"
Sussex,WI,43.144059,-88.227064,local,"Sussex, WI, USA"
Thorp,WI,44.957319,-90.802861,local,"Thorp, WI, USA"
Tomah,WI,43.994833,-90.491704,local,"Tomah, WI, USA"
Trego,WI,45.951556,-91.858051,local,"Trego, WI, USA"
Turtle Lake,WI,45.421349,-92.178142,local,"Turtle Lake, WI, USA"
Two Rivers,WI,44.166008,-87.585504,local,"Two Rivers, WI, USA"
Verona,WI,42.999913,-89.552247,local,"Verona, WI, USA"
Viroqua,WI,43.544190,-90.893865,local,"Viroqua, WI, USA"
Watertown,WI,43.194722,-88.728889,local,"Watertown, WI, USA"
Waukesha,WI,42.999304,-88.219559,local,"Waukesha, WI, USA"
Waupaca,WI,44.348101,-89.110143,local,"Waupaca, WI, USA"
Waupun,WI,43.632441,-88.737253,local,"Waupun, WI, USA"
Wausau,WI,44.963433,-89.633955,local,"Wausau, WI, USA"
West Bend,WI,43.425278,-88.183333,local,"West Bend, WI, USA"
West Salem,WI,43.906253,-91.089311,local,"West Salem, WI, USA"
Whitewater,WI,42.827174,-88.742864,local,"Whitewater, WI, USA"
Wilson,WI,44.946580,-92.196538,local,"Wilson, WI, USA"
Windsor,WI,43.214121,-89.341469,local,"Windsor, WI, USA"
Winneconne,WI,44.118704,-88.721384,local,"Winneconne, WI, USA"
Wisconsin Dells,WI,43.650789,-89.766520,local,"Wisconsin Dells, WI, USA"
Wisconsin Rapids,WI,44.375803,-89.806229,local,"Wisconsin Rapids, WI, USA"
Wittenberg,WI,44.823247,-89.166479,local,"Wittenberg, WI, USA"
Wonewoc,WI,43.628480,-90.239357,local,"Wonewoc, WI, USA"
Woodruff,WI,45.918583,-89.695450,local,"Woodruff, WI, USA"
Beckley,WV,37.793214,-81.206084,local,"Beckley, WV, USA"
Bruceton Mills,WV,39.645394,-79.615941,local,"Bruceton Mills, WV, USA"
Buckhannon,WV,38.984070,-80.217824,local,"Buckhannon, WV, USA"
Charleston,WV,38.349000,-81.630606,local,"Charleston, WV, USA"
Chester,WV,40.598109,-80.558439,local,"Chester, WV, USA"
Elkins,WV,38.925304,-79.847115,local,"Elkins, WV, USA"
Ellenboro,WV,39.282364,-81.060382,local,"Ellenboro, WV, USA"
Fairmont,WV,39.472677,-80.146041,local,"Fairmont, WV, USA"
Falling Waters,WV,39.586473,-77.885152,local,"Falling Waters, WV, USA"
Gassaway,WV,38.686193,-80.786339,local,"Gassaway, WV, USA"
Huntington,WV,38.409726,-82.442348,local,"Huntington, WV, USA"
Hurricane,WV,38.425741,-81.994329,local,"Hurricane, WV, USA"
Inwood,WV,39.370093,-78.024189,local,"Inwood, WV, USA"
Ivydale,WV,38.530476,-81.033506,local,"Ivydale, WV, USA"
Jane Lew,WV,39.109989,-80.431059,local,"Jane Lew, WV, USA"
Kearneysville,WV,39.321994,-77.958762,local,"Kearneysville, WV, USA"
Martinsburg,WV,39.459959,-77.958915,local,"Martinsburg, WV, USA"
Mineral Wells,WV,39.210000,-81.530500,local,"Mineral Wells, WV, USA"
Moorefield,WV,39.056812,-78.977930,local,"Moorefield, WV, USA"
Morgantown,WV,39.636800,-80.018000,local,"Morgantown, WV, USA"
Mount Nebo,WV,38.197064,-80.820204,local,"Mount Nebo, WV, USA"
New Martinsville,WV,39.658798,-80.856541,local,"New Martinsville, WV, USA"
Nitro,WV,38.419323,-81.829311,local,"Nitro, WV, USA"
Parkersburg,WV,39.264433,-81.535412,local,"Parkersburg, WV, USA"
Richwood,WV,38.222988,-80.544481,local,"Richwood, WV, USA"
Ripley,WV,38.809042,-81.701987,local,"Ripley, WV, USA"
Sutton,WV,38.673855,-80.681072,local,"Sutton, WV, USA"
Teays,WV,38.441667,-81.953056,local,"Teays, WV, USA"
Valley Grove,WV,40.094649,-80.555059,local,"Valley Grove, WV, USA"
West Union,WV,39.276185,-80.791057,local,"West Union, WV, USA"
Alpine,WY,43.175278,-111.033889,local,"Alpine, WY, USA"
Buffalo,WY,44.348470,-106.707260,local,"Buffalo, WY, USA"
Burns,WY,41.200297,-104.315521,local,"Burns, WY, USA"
Casper,WY,42.845763,-106.316571,local,"Casper, WY, USA"
Cheyenne,WY,41.143719,-104.796234,local,"Cheyenne, WY, USA"
Cokeville,WY,42.057983,-110.916419,local,"Cokeville, WY, USA"
Douglas,WY,42.762558,-105.385484,local,"Douglas, WY, USA"
Evanston,WY,41.260947,-110.963067,local,"Evanston, WY, USA"
Evansville,WY,42.861384,-106.263886,local,"Evansville, WY, USA"
Fort Bridger,WY,41.282820,-110.347428,local,"Fort Bridger, WY, USA"
Gillette,WY,44.282009,-105.497442,local,"Gillette, WY, USA"
Green River,WY,41.519590,-109.471445,local,"Green River, WY, USA"
Laramie,WY,41.312907,-105.581146,local,"Laramie, WY, USA"
Little America,WY,41.543611,-109.858333,local,"Little America, WY, USA"
Lovell,WY,44.833637,-108.414107,local,"Lovell, WY, USA"
Lusk,WY,42.765953,-104.465076,local,"Lusk, WY, USA"
Lyman,WY,41.329136,-110.292629,local,"Lyman, WY, USA"
Midwest,WY,43.410829,-106.266818,local,"Midwest, WY, USA"
Mills,WY,42.840556,-106.365278,local,"Mills, WY, USA"
Moorcroft,WY,44.299932,-104.905904,local,"Moorcroft, WY, USA"
Newcastle,WY,43.851098,-104.226205,local,"Newcastle, WY, USA"
Pine Bluffs,WY,41.178799,-104.066591,local,"Pine Bluffs, WY, USA"
Rawlins,WY,41.795131,-107.234883,local,"Rawlins, WY, USA"
Riverton,WY,43.045786,-108.411335,local,"Riverton, WY, USA"
Rock Springs,WY,41.605957,-109.230047,local,"Rock Springs, WY, USA"
Sheridan,WY,44.784860,-106.964795,local,"Sheridan, WY, USA"
Sinclair,WY,41.779741,-107.109083,local,"Sinclair, WY, USA"
Thayne,WY,42.933026,-111.011354,local,"Thayne, WY, USA"
Thermopolis,WY,43.662152,-108.231297,local,"Thermopolis, WY, USA"
Torrington,WY,42.062377,-104.191662,local,"Torrington, WY, USA"
Wamsutter,WY,41.658278,-108.151674,local,"Wamsutter, WY, USA"
Wheatland,WY,42.049467,-104.967852,local,"Wheatland, WY, USA"
Worland,WY,44.013796,-107.956260,local,"Worland, WY, USA"
Wright,WY,43.829349,-105.532327,local,"Wright, WY, USA"
